<?xml version="1.0" encoding="UTF-8"?>
<model:getMachtigingGegevensResponse xmlns:czesb0300="urn:cz:cdm:esb:0300" xmlns:czesbh0300="urn:cz:cdm:esb:header:types:0300" xmlns:czesbrtt0300="urn:cz:cdm:esb:resultaat:types:0300" xmlns:czt0300="urn:cz:cdm:types:0300" xmlns:model="urn:cz:srv:model:sch:ophalenmachtiginggegevens:qry:v1" xmlns:payload="urn:cz:srv:payload:sch:ophalenmachtiginggegevens:qry:v1" xmlns:xsi="http://www.w3.org/2001/XMLSchema-instance" xsi:schemaLocation="urn:cz:srv:model:sch:ophalenmachtiginggegevens:qry:v1 SCHMachtigingGegevensFZBOQRYV1_Model.xsd ">
  <model:responseMsg>
    <czesb0300:bedrijfsheader>
      <czesb0300:trackingId>czesb0300:trackingId</czesb0300:trackingId>
      <czesb0300:verzendDatumTijd>2001-12-31T12:00:00</czesb0300:verzendDatumTijd>
      <czesb0300:esbInternal>
        <czesbh0300:autorisatieId>czesbh0300:autorisatieId</czesbh0300:autorisatieId>
        <czesbh0300:localTransactionId>czesbh0300:localTransactionId</czesbh0300:localTransactionId>
        <czesbh0300:systemspecific/>
      </czesb0300:esbInternal>
    </czesb0300:bedrijfsheader>
    <payload:getMachtigingGegevensResponse>
      <payload:machtiging>
        <payload:machtigingen>
          <payload:id>payload:id</payload:id>
          <payload:currentStatusId>0</payload:currentStatusId>
        </payload:machtigingen>
      </payload:machtiging>
    </payload:getMachtigingGegevensResponse>
    <czesb0300:resultaat>
      <czesb0300:returncode>0</czesb0300:returncode>
      <czesb0300:fouten>
        <czesbrtt0300:fout>
          <czesbrtt0300:code>czesbrtt0300:code</czesbrtt0300:code>
        </czesbrtt0300:fout>
      </czesb0300:fouten>
      <czesb0300:meldingen>
        <czesbrtt0300:melding>
          <czesbrtt0300:code>czesbrtt0300:code</czesbrtt0300:code>
        </czesbrtt0300:melding>
      </czesb0300:meldingen>
    </czesb0300:resultaat>
  </model:responseMsg>
</model:getMachtigingGegevensResponse>
