<?xml version="1.0" encoding="UTF-8"?>
<MsgTest xmlns:xsi="http://www.w3.org/2001/XMLSchema-instance" xsi:noNamespaceSchemaLocation="C:/java/MsgTest_V126/Schema/MsgTest.xsd">
<!--
   - The year of the birthdate in the input contains the age (4 digets),
   - the birth year will be calculated.
  -->
<Control>
  <Connection>
    <QMgr>%1%</QMgr>
  </Connection>
  <TestLog>
  	<File>%ScriptName%.log</File>
  	<Dir>.\Logs</Dir>
  </TestLog>
  <TestReport>
  	<File>%ScriptName%.rpt</File>
  	<Dir>.\Logs</Dir>
  </TestReport>
</Control>
<Defaults>
</Defaults>
<Test Name="stopStub">
	<InlineData>
		<Data>STOPSTUB</Data>
	</InlineData>
	<PutMsg>
		<Q>%2%</Q>
	</PutMsg>
</Test>
</MsgTest>