{
  "swagger": "2.0",
  "info": {
    "version": "v1",
    "title": "Declaratieverwerking.Api.Klantcontact",
    "contact": {}
  },
  "host" : "klantcontact-forcezbo-tst.infra.local",
  "basePath" : "/",
  "schemes" : [ "https" ],
  "consumes" : [ "application/json" ],
  "produces" : [ "application/json" ],
  "paths": {
    "/api/Declaratie": {
      "post": {
        "description": "",
        "summary": "POST call for Declaratie",
        "tags": [
          "Declaratie"
        ],
        "operationId": "ApiDeclaratie",
        "deprecated": false,
        "produces": [
          "application/json"
        ],
        "consumes": [
          "application/json"
        ],
        "parameters": [
          {
            "name": "body",
            "in": "body",
            "required": false,
            "description": "",
            "schema": {
              "$ref": "#/definitions/Declaratieverwerking.Api.Klantcontact.Models.Declaratie.DeclaratiePostModel"
            }
          }
        ],
        "responses": {
          "200": {
            "description": "Success",
            "schema": {
              "$ref": "#/definitions/Declaratieverwerking.Api.Klantcontact.Models.Declaratie.DeclaratieApiModel"
            },
            "headers": {}
          }
        }
      }
    },
    "/api/DeclaratieRegel": {
      "post": {
        "description": "",
        "summary": "POST call for DeclaratieRegel",
        "tags": [
          "DeclaratieRegel"
        ],
        "operationId": "ApiDeclaratieRegel",
        "deprecated": false,
        "produces": [
          "application/json"
        ],
        "consumes": [
          "application/json"
        ],
        "parameters": [
          {
            "name": "body",
            "in": "body",
            "required": false,
            "description": "",
            "schema": {
              "$ref": "#/definitions/Declaratieverwerking.Api.Klantcontact.Models.DeclaratieRegel.DeclaratieRegelPostModel"
            }
          }
        ],
        "responses": {
          "200": {
            "description": "Success",
            "schema": {
              "$ref": "#/definitions/Declaratieverwerking.Api.Klantcontact.Models.DeclaratieRegel.DeclaratieRegelApiModel"
            },
            "headers": {}
          }
        }
      }
    },
    "/api/EigenRisico": {
      "post": {
        "description": "",
        "summary": "POST call for EigenRisico",
        "tags": [
          "EigenRisico"
        ],
        "operationId": "ApiEigenRisico",
        "deprecated": false,
        "produces": [
          "application/json"
        ],
        "consumes": [
          "application/json"
        ],
        "parameters": [
          {
            "name": "body",
            "in": "body",
            "required": false,
            "description": "",
            "schema": {
              "$ref": "#/definitions/Declaratieverwerking.Api.Klantcontact.Models.EigenRisico.EigenRisicoPostModel"
            }
          }
        ],
        "responses": {
          "200": {
            "description": "Success",
            "schema": {
              "$ref": "#/definitions/Declaratieverwerking.Api.Klantcontact.Models.EigenRisico.EigenRisicoApiModel"
            },
            "headers": {}
          }
        }
      }
    },
    "/api/Machtiging": {
      "post": {
        "description": "",
        "summary": "POST call for Machtiging",
        "tags": [
          "Machtiging"
        ],
        "operationId": "ApiMachtiging",
        "deprecated": false,
        "produces": [
          "application/json"
        ],
        "consumes": [
          "application/json"
        ],
        "parameters": [
          {
            "name": "body",
            "in": "body",
            "required": false,
            "description": "",
            "schema": {
              "$ref": "#/definitions/Declaratieverwerking.Api.Klantcontact.Models.Machtiging.MachtigingPostModel"
            }
          }
        ],
        "responses": {
          "200": {
            "description": "Success",
            "schema": {
              "$ref": "#/definitions/Declaratieverwerking.Api.Klantcontact.Models.Machtiging.MachtigingApiModel"
            },
            "headers": {}
          }
        }
      }
    },
    "/metrics/text": {
      "get": {
        "description": "",
        "summary": "GET call for MetricsText",
        "tags": [
          "Metrics"
        ],
        "operationId": "MetricsText",
        "deprecated": false,
        "produces": [
          "application/json"
        ],
        "parameters": [],
        "responses": {
          "200": {
            "description": "Success",
            "headers": {}
          }
        }
      }
    },
    "/metrics/health": {
      "get": {
        "description": "",
        "summary": "GET call for MetricsHealth",
        "tags": [
          "Metrics"
        ],
        "operationId": "MetricsHealth",
        "deprecated": false,
        "produces": [
          "application/json"
        ],
        "parameters": [],
        "responses": {
          "200": {
            "description": "Success",
            "headers": {}
          }
        }
      }
    },
    "/metrics/v1/health": {
      "get": {
        "description": "",
        "summary": "GET call for MetricsV1Health",
        "tags": [
          "Metrics"
        ],
        "operationId": "MetricsV1Health",
        "deprecated": false,
        "produces": [
          "application/json"
        ],
        "parameters": [],
        "responses": {
          "200": {
            "description": "Success",
            "headers": {}
          }
        }
      }
    },
    "/metrics/v1/json": {
      "get": {
        "description": "",
        "summary": "GET call for MetricsV1Json",
        "tags": [
          "Metrics"
        ],
        "operationId": "MetricsV1Json",
        "deprecated": false,
        "produces": [
          "application/json"
        ],
        "parameters": [],
        "responses": {
          "200": {
            "description": "Success",
            "headers": {}
          }
        }
      }
    },
    "/metrics/v2/json": {
      "get": {
        "description": "",
        "summary": "GET call for MetricsV2Json",
        "tags": [
          "Metrics"
        ],
        "operationId": "MetricsV2Json",
        "deprecated": false,
        "produces": [
          "application/json"
        ],
        "parameters": [],
        "responses": {
          "200": {
            "description": "Success",
            "headers": {}
          }
        }
      }
    },
    "/metrics/json": {
      "get": {
        "description": "",
        "summary": "GET call for MetricsJson",
        "tags": [
          "Metrics"
        ],
        "operationId": "MetricsJson",
        "deprecated": false,
        "produces": [
          "application/json"
        ],
        "parameters": [],
        "responses": {
          "200": {
            "description": "Success",
            "headers": {}
          }
        }
      }
    },
    "/metrics/ping": {
      "get": {
        "description": "",
        "summary": "GET call for MetricsPing",
        "tags": [
          "Metrics"
        ],
        "operationId": "MetricsPing",
        "deprecated": false,
        "produces": [
          "application/json"
        ],
        "parameters": [],
        "responses": {
          "200": {
            "description": "Success",
            "headers": {}
          }
        }
      }
    },
    "/api/Zorgbudgetten": {
      "post": {
        "description": "",
        "summary": "POST call for Zorgbudgetten",
        "tags": [
          "Zorgbudgetten"
        ],
        "operationId": "ApiZorgbudgetten",
        "deprecated": false,
        "produces": [
          "application/json"
        ],
        "consumes": [
          "application/json"
        ],
        "parameters": [
          {
            "name": "body",
            "in": "body",
            "required": false,
            "description": "",
            "schema": {
              "$ref": "#/definitions/Declaratieverwerking.Api.Klantcontact.Models.Zorgbudgetten.ZorgBudgettenPostModel"
            }
          }
        ],
        "responses": {
          "200": {
            "description": "Success",
            "schema": {
              "$ref": "#/definitions/Declaratieverwerking.Api.Klantcontact.Models.Zorgbudgetten.ZorgBudgettenApiModel"
            },
            "headers": {}
          }
        }
      }
    }
  },
  "definitions": {
    "Declaratieverwerking.Api.Klantcontact.Models.Declaratie.SoortPeriode": {
      "title": "Declaratieverwerking.Api.Klantcontact.Models.Declaratie.SoortPeriode",
      "type": "string",
      "enum": [
        "Ontvangst",
        "Prestatie",
        "OntvangstEnPrestatie"
      ]
    },
    "Declaratieverwerking.DeclarantType": {
      "title": "Declaratieverwerking.DeclarantType",
      "type": "string",
      "enum": [
        "Verzekerde",
        "Zorgaanbieder",
        "Collectiviteit"
      ]
    },
    "Declaratieverwerking.Api.Klantcontact.Models.Declaratie.DeclaratiePostModel": {
      "title": "Declaratieverwerking.Api.Klantcontact.Models.Declaratie.DeclaratiePostModel",
      "type": "object",
      "properties": {
        "zorgverzekerdeIdentifier": {
          "type": "integer",
          "format": "int64"
        },
        "zorgverzekeraarLabel": {
          "type": "string"
        },
        "zorgverzekeraarUzovi": {
          "type": "integer",
          "format": "int32"
        },
        "soortPeriode": {
          "$ref": "#/definitions/Declaratieverwerking.Api.Klantcontact.Models.Declaratie.SoortPeriode"
        },
        "periodeStartDatum": {
          "type": "string",
          "format": "date-time"
        },
        "periodeTotEnMetDatum": {
          "type": "string",
          "format": "date-time"
        },
        "declaratieBundelId": {
          "type": "string",
          "format": "uuid"
        },
        "declaratieBerichtId": {
          "type": "string",
          "format": "uuid"
        },
        "declaratieRegelIds": {
          "type": "array",
          "items": {
            "type": "string",
            "format": "uuid"
          }
        },
        "factuurnummer": {
          "type": "string"
        },
        "functioneelKenmerk": {
          "type": "string"
        },
        "externBundelId": {
          "type": "string"
        },
        "zorgsoort": {
          "type": "string"
        },
        "declarantType": {
          "$ref": "#/definitions/Declaratieverwerking.DeclarantType"
        },
        "includeBundels": {
          "type": "boolean"
        },
        "includeBerichten": {
          "type": "boolean"
        },
        "includeRegels": {
          "type": "boolean"
        }
      },
      "required": [
        "zorgverzekerdeIdentifier"
      ]
    },
    "Declaratieverwerking.Api.Klantcontact.Models.Declaratie.DeclaratieBundelDetailsModel": {
      "title": "Declaratieverwerking.Api.Klantcontact.Models.Declaratie.DeclaratieBundelDetailsModel",
      "type": "object",
      "properties": {
        "currentStatusId": {
          "type": "integer",
          "format": "int32"
        },
        "currentStatusCode": {
          "type": "string"
        },
        "currentStatusName": {
          "type": "string"
        },
        "kenmerk": {
          "type": "string"
        },
        "externeIdentifier": {
          "type": "string"
        },
        "declarantTypeCode": {
          "type": "integer",
          "format": "int32"
        },
        "declarantTypeOmschrijving": {
          "type": "string"
        },
        "declarantZorgverzekerdeIdentifier": {
          "type": "integer",
          "format": "int64"
        },
        "declarantZorgverzekerdeNaam": {
          "type": "string"
        },
        "declarantZorgaanbiederIdentifier": {
          "type": "integer",
          "format": "int64"
        },
        "declarantZorgaanbiederNaam": {
          "type": "string"
        },
        "declarantZorgaanbiederAgbcode": {
          "type": "string"
        },
        "declarantZorgaanbiederTypeCode": {
          "type": "integer",
          "format": "int32"
        },
        "declarantZorgaanbiederTypeOmschrijving": {
          "type": "string"
        },
        "declarantZorgaanbiederZorgverlenersoortCode": {
          "type": "integer",
          "format": "int32"
        },
        "declarantZorgaanbiederZorgverlenersoortOmschrijving": {
          "type": "string"
        },
        "declarantCollectiviteitIdentifier": {
          "type": "integer",
          "format": "int64"
        },
        "declarantCollectiviteitNaam": {
          "type": "string"
        },
        "ontvangstDatum": {
          "type": "string",
          "format": "date-time"
        },
        "inleesDatum": {
          "type": "string",
          "format": "date-time"
        }
      }
    },
    "Declaratieverwerking.Api.Klantcontact.Models.Declaratie.DeclaratieBerichtZorgaanbiedersRol": {
      "title": "Declaratieverwerking.Api.Klantcontact.Models.Declaratie.DeclaratieBerichtZorgaanbiedersRol",
      "type": "string",
      "enum": [
        "Instelling",
        "Praktijk",
        "Zorgverlener",
        "Servicebureau"
      ]
    },
    "Declaratieverwerking.Api.Klantcontact.Models.Declaratie.DeclaratieBerichtZorgaanbiedersModel": {
      "title": "Declaratieverwerking.Api.Klantcontact.Models.Declaratie.DeclaratieBerichtZorgaanbiedersModel",
      "type": "object",
      "properties": {
        "rol": {
          "$ref": "#/definitions/Declaratieverwerking.Api.Klantcontact.Models.Declaratie.DeclaratieBerichtZorgaanbiedersRol"
        },
        "zorgaanbiederIdentifier": {
          "type": "integer",
          "format": "int64"
        },
        "naam": {
          "type": "string"
        },
        "agbcode": {
          "type": "string"
        },
        "zorgaanbiederTypeCode": {
          "type": "integer",
          "format": "int32"
        },
        "zorgaanbiederTypeOmschrijving": {
          "type": "string"
        },
        "zorgverlenersoortCode": {
          "type": "integer",
          "format": "int32"
        },
        "zorgverlenersoortOmschrijving": {
          "type": "string"
        }
      }
    },
    "Declaratieverwerking.Api.Klantcontact.Models.Declaratie.DeclaratieBerichtDetailsModel": {
      "title": "Declaratieverwerking.Api.Klantcontact.Models.Declaratie.DeclaratieBerichtDetailsModel",
      "type": "object",
      "properties": {
        "currentStatusId": {
          "type": "integer",
          "format": "int32"
        },
        "currentStatusCode": {
          "type": "string"
        },
        "currentStatusName": {
          "type": "string"
        },
        "factuurnummer": {
          "type": "string"
        },
        "declaratiebedrag": {
          "type": "integer",
          "format": "int64"
        },
        "isCreditDeclaratiebedrag": {
          "type": "boolean"
        },
        "toegekendbedrag": {
          "type": "integer",
          "format": "int64"
        },
        "isCreditToegekendbedrag": {
          "type": "boolean"
        },
        "verzekerdeDeclaratiebedrag": {
          "type": "integer",
          "format": "int64"
        },
        "verzekerdeIsCreditDeclaratiebedrag": {
          "type": "boolean"
        },
        "verzekerdeToegekendbedrag": {
          "type": "integer",
          "format": "int64"
        },
        "verzekerdeIsCreditToegekendbedrag": {
          "type": "boolean"
        },
        "verzekerdeVerplichtEigenRisicoBedrag": {
          "type": "integer",
          "format": "int64"
        },
        "verzekerdeIsCreditVerplichtEigenRisicoBedrag": {
          "type": "boolean"
        },
        "verzekerdeVrijwilligEigenRisicoBedrag": {
          "type": "integer",
          "format": "int64"
        },
        "verzekerdeIsCreditVrijwilligEigenRisicoBedrag": {
          "type": "boolean"
        },
        "verzekerdeSamengesteldEigenRisicoBedrag": {
          "type": "integer",
          "format": "int64"
        },
        "verzekerdeIsCreditSamengesteldEigenRisicoBedrag": {
          "type": "boolean"
        },
        "dmsBestandsIdentifier": {
          "type": "string"
        },
        "zorgaanbieders": {
          "type": "array",
          "items": {
            "$ref": "#/definitions/Declaratieverwerking.Api.Klantcontact.Models.Declaratie.DeclaratieBerichtZorgaanbiedersModel"
          }
        }
      }
    },
    "Declaratieverwerking.Api.Klantcontact.Models.Declaratie.DeclaratieRegelModel": {
      "title": "Declaratieverwerking.Api.Klantcontact.Models.Declaratie.DeclaratieRegelModel",
      "type": "object",
      "properties": {
        "id": {
          "type": "string",
          "format": "uuid"
        },
        "isCreditering": {
          "type": "boolean"
        },
        "zorgsoortCode": {
          "type": "string"
        },
        "zorgsoortOmschrijving": {
          "type": "string"
        },
        "currentStatusId": {
          "type": "integer",
          "format": "int32"
        },
        "currentStatusCode": {
          "type": "string"
        },
        "currentStatusName": {
          "type": "string"
        },
        "zorgverzekerdeIdentifier": {
          "type": "integer",
          "format": "int64"
        },
        "zorgverzekerdeTussenvoegsels": {
          "type": "string"
        },
        "zorgverzekerdeVoorletters": {
          "type": "string"
        },
        "zorgverzekerdeAchternaam": {
          "type": "string"
        },
        "zorgverzekerdeGeboortedatum": {
          "type": "string",
          "format": "date-time"
        },
        "begindatumPrestatie": {
          "type": "string",
          "format": "date-time"
        },
        "einddatumPrestatie": {
          "type": "string",
          "format": "date-time"
        },
        "declaratiebedrag": {
          "type": "integer",
          "format": "int64"
        },
        "inputbedragVergoedingsvoorwaarden": {
          "type": "integer",
          "format": "int64"
        },
        "toegekendbedrag": {
          "type": "integer",
          "format": "int64"
        },
        "uitkeerbedragVoorEigenRisico": {
          "type": "integer",
          "format": "int64"
        },
        "prestatiecodelijst": {
          "type": "integer",
          "format": "int32"
        },
        "prestatiecode": {
          "type": "string"
        },
        "declaratiecode": {
          "type": "string"
        },
        "prestatieomschrijving": {
          "type": "string"
        },
        "prestatieomschrijvingOutputgroep": {
          "type": "string"
        },
        "declarantTypeOmschrijving": {
          "type": "string"
        },
        "declarantTypeCode": {
          "type": "integer",
          "format": "int32"
        },
        "ontvangstDatum": {
          "type": "string",
          "format": "date-time"
        },
        "factuurNummer": {
          "type": "string"
        },
        "verplichtEigenRisicoBedrag": {
          "type": "integer",
          "format": "int64"
        },
        "isCreditVerplichtEigenRisicoBedrag": {
          "type": "boolean"
        },
        "vrijwilligEigenRisicoBedrag": {
          "type": "integer",
          "format": "int64"
        },
        "isCreditVrijwilligEigenRisicoBedrag": {
          "type": "boolean"
        },
        "samengesteldEigenRisicoBedrag": {
          "type": "integer",
          "format": "int64"
        },
        "isCreditSamengesteldEigenRisicoBedrag": {
          "type": "boolean"
        },
        "tariefClassCode": {
          "type": "integer",
          "format": "int32"
        },
        "tariefClassOmschrijving": {
          "type": "string"
        }
      }
    },
    "Declaratieverwerking.Api.Klantcontact.Models.Declaratie.DeclaratieBerichtModel": {
      "title": "Declaratieverwerking.Api.Klantcontact.Models.Declaratie.DeclaratieBerichtModel",
      "type": "object",
      "properties": {
        "id": {
          "type": "string",
          "format": "uuid"
        },
        "details": {
          "$ref": "#/definitions/Declaratieverwerking.Api.Klantcontact.Models.Declaratie.DeclaratieBerichtDetailsModel"
        },
        "regels": {
          "type": "array",
          "items": {
            "$ref": "#/definitions/Declaratieverwerking.Api.Klantcontact.Models.Declaratie.DeclaratieRegelModel"
          }
        }
      }
    },
    "Declaratieverwerking.Api.Klantcontact.Models.Declaratie.DeclaratieBundelModel": {
      "title": "Declaratieverwerking.Api.Klantcontact.Models.Declaratie.DeclaratieBundelModel",
      "type": "object",
      "properties": {
        "id": {
          "type": "string",
          "format": "uuid"
        },
        "details": {
          "$ref": "#/definitions/Declaratieverwerking.Api.Klantcontact.Models.Declaratie.DeclaratieBundelDetailsModel"
        },
        "berichten": {
          "type": "array",
          "items": {
            "$ref": "#/definitions/Declaratieverwerking.Api.Klantcontact.Models.Declaratie.DeclaratieBerichtModel"
          }
        }
      }
    },
    "Declaratieverwerking.Api.Klantcontact.Models.Declaratie.DeclaratieApiModel": {
      "title": "Declaratieverwerking.Api.Klantcontact.Models.Declaratie.DeclaratieApiModel",
      "type": "object",
      "properties": {
        "bundels": {
          "type": "array",
          "items": {
            "$ref": "#/definitions/Declaratieverwerking.Api.Klantcontact.Models.Declaratie.DeclaratieBundelModel"
          }
        }
      }
    },
    "Declaratieverwerking.Api.Klantcontact.Models.DeclaratieRegel.DeclaratieRegelPostModel": {
      "title": "Declaratieverwerking.Api.Klantcontact.Models.DeclaratieRegel.DeclaratieRegelPostModel",
      "type": "object",
      "properties": {
        "declaratieRegelId": {
          "type": "string",
          "format": "uuid"
        },
        "zorgverzekerdeIdentifier": {
          "type": "integer",
          "format": "int64"
        },
        "includeDetails": {
          "type": "boolean"
        },
        "includeBoekingen": {
          "type": "boolean"
        },
        "includeHistorischeBoekingen": {
          "type": "boolean"
        },
        "includeZorgactiviteiten": {
          "type": "boolean"
        },
        "includeTijdsbestedingen": {
          "type": "boolean"
        }
      },
      "required": [
        "declaratieRegelId",
        "zorgverzekerdeIdentifier"
      ]
    },
    "Declaratieverwerking.Api.Klantcontact.Models.DeclaratieRegel.DeclaratieRegelReden": {
      "title": "Declaratieverwerking.Api.Klantcontact.Models.DeclaratieRegel.DeclaratieRegelReden",
      "type": "object",
      "properties": {
        "code": {
          "type": "string"
        },
        "omschrijving": {
          "type": "string"
        }
      }
    },
    "Declaratieverwerking.Api.Klantcontact.Models.DeclaratieRegel.DeclaratieRegelDetails": {
      "title": "Declaratieverwerking.Api.Klantcontact.Models.DeclaratieRegel.DeclaratieRegelDetails",
      "type": "object",
      "properties": {
        "zorgsoortCode": {
          "type": "string"
        },
        "zorgsoortOmschrijving": {
          "type": "string"
        },
        "codeExterneIntegratiebericht": {
          "type": "integer",
          "format": "int32"
        },
        "codeExterneIntegratieberichtOmschrijving": {
          "type": "string"
        },
        "isCreditering": {
          "type": "boolean"
        },
        "prestatiecodelijst": {
          "type": "integer",
          "format": "int32"
        },
        "prestatiecode": {
          "type": "string"
        },
        "declaratiecode": {
          "type": "string"
        },
        "prestatieomschrijving": {
          "type": "string"
        },
        "prestatieomschrijvingOutputgroep": {
          "type": "string"
        },
        "diagnosecode": {
          "type": "string"
        },
        "diagnoseomschrijving": {
          "type": "string"
        },
        "currentStatusId": {
          "type": "integer",
          "format": "int32"
        },
        "currentStatusCode": {
          "type": "string"
        },
        "currentStatusNaam": {
          "type": "string"
        },
        "redenen": {
          "type": "array",
          "items": {
            "$ref": "#/definitions/Declaratieverwerking.Api.Klantcontact.Models.DeclaratieRegel.DeclaratieRegelReden"
          }
        },
        "behandelaarIdentifier": {
          "type": "integer",
          "format": "int64"
        },
        "behandelaarAgbcode": {
          "type": "string"
        },
        "behandelaarNaam": {
          "type": "string"
        },
        "behandelaarTypeCode": {
          "type": "integer",
          "format": "int32"
        },
        "behandelaarTypeOmschrijving": {
          "type": "string"
        },
        "behandelaarZorgverlenersoortCode": {
          "type": "integer",
          "format": "int32"
        },
        "behandelaarZorgverlenersoortOmschrijving": {
          "type": "string"
        },
        "behandelaarSpecialismeCode": {
          "type": "integer",
          "format": "int32"
        },
        "behandelaarSpecialismeOmschrijving": {
          "type": "string"
        },
        "verwijzerIdentifier": {
          "type": "integer",
          "format": "int64"
        },
        "verwijzerAgbcode": {
          "type": "string"
        },
        "verwijzerNaam": {
          "type": "string"
        },
        "verwijzerTypeCode": {
          "type": "integer",
          "format": "int32"
        },
        "verwijzerTypeOmschrijving": {
          "type": "string"
        },
        "verwijzerZorgverlenersoortCode": {
          "type": "integer",
          "format": "int32"
        },
        "verwijzerZorgverlenersoortOmschrijving": {
          "type": "string"
        },
        "verwijsdatum": {
          "type": "string",
          "format": "date-time"
        },
        "hoofdbehandelaarEenIdentifier": {
          "type": "integer",
          "format": "int64"
        },
        "hoofdbehandelaarEenAgbcode": {
          "type": "string"
        },
        "hoofdbehandelaarEenNaam": {
          "type": "string"
        },
        "hoofdbehandelaarEenTypeCode": {
          "type": "integer",
          "format": "int32"
        },
        "hoofdbehandelaarEenTypeOmschrijving": {
          "type": "string"
        },
        "hoofdbehandelaarEenZorgverlenersoortCode": {
          "type": "integer",
          "format": "int32"
        },
        "hoofdbehandelaarEenZorgverlenersoortOmschrijving": {
          "type": "string"
        },
        "hoofdbehandelaarTweeIdentifier": {
          "type": "integer",
          "format": "int64"
        },
        "hoofdbehandelaarTweeAgbcode": {
          "type": "string"
        },
        "hoofdbehandelaarTweeNaam": {
          "type": "string"
        },
        "hoofdbehandelaarTweeTypeCode": {
          "type": "integer",
          "format": "int32"
        },
        "hoofdbehandelaarTweeTypeOmschrijving": {
          "type": "string"
        },
        "hoofdbehandelaarTweeZorgverlenersoortCode": {
          "type": "integer",
          "format": "int32"
        },
        "hoofdbehandelaarTweeZorgverlenersoortOmschrijving": {
          "type": "string"
        },
        "aantalTijdseenhedenDirect": {
          "type": "integer",
          "format": "int32"
        },
        "aantalTijdseenhedenIndirect": {
          "type": "integer",
          "format": "int32"
        },
        "aantalTijdseenhedenTotaal": {
          "type": "integer",
          "format": "int32"
        },
        "aangeleverdeAantalUitgevoerdePrestaties": {
          "type": "integer",
          "format": "int64"
        },
        "aangeleverdeEenheidOmschrijving": {
          "type": "string"
        },
        "declaratiebedrag": {
          "type": "integer",
          "format": "int64"
        },
        "inputbedragVergoedingsvoorwaarden": {
          "type": "integer",
          "format": "int64"
        },
        "toegekendBedrag": {
          "type": "integer",
          "format": "int64"
        },
        "uitkeerbedragVoorEigenRisico": {
          "type": "integer",
          "format": "int64"
        },
        "verplichtEigenRisicoBedrag": {
          "type": "integer",
          "format": "int64"
        },
        "isCreditVerplichtEigenRisicoBedrag": {
          "type": "boolean"
        },
        "vrijwilligEigenRisicoBedrag": {
          "type": "integer",
          "format": "int64"
        },
        "isCreditVrijwilligEigenRisicoBedrag": {
          "type": "boolean"
        },
        "samengesteldEigenRisicoBedrag": {
          "type": "integer",
          "format": "int64"
        },
        "isCreditSamengesteldEigenRisicoBedrag": {
          "type": "boolean"
        },
        "factuurNummer": {
          "type": "string"
        },
        "ontvangstdatum": {
          "type": "string",
          "format": "date-time"
        },
        "declarantTypeCode": {
          "type": "integer",
          "format": "int32"
        },
        "declarantTypeOmschrijving": {
          "type": "string"
        },
        "tariefClassCode": {
          "type": "integer",
          "format": "int32"
        },
        "tariefClassOmschrijving": {
          "type": "string"
        }
      }
    },
    "Declaratieverwerking.Verzekerden.SoortCoulance": {
      "title": "Declaratieverwerking.Verzekerden.SoortCoulance",
      "type": "string",
      "enum": [
        "NietVanToepassing",
        "Administratief",
        "Klantcontact",
        "Zorginhoudelijk",
        "Commercieel"
      ]
    },
    "Declaratieverwerking.Api.Klantcontact.Models.DeclaratieRegel.DeclaratieRegelBoeking": {
      "title": "Declaratieverwerking.Api.Klantcontact.Models.DeclaratieRegel.DeclaratieRegelBoeking",
      "type": "object",
      "properties": {
        "id": {
          "type": "string",
          "format": "uuid"
        },
        "boekingstypeId": {
          "type": "integer",
          "format": "int32"
        },
        "boekingstypeOmschrijving": {
          "type": "string"
        },
        "aantalEenheden": {
          "type": "integer",
          "format": "int32"
        },
        "eenheidOmschrijving": {
          "type": "string"
        },
        "bedrag": {
          "type": "integer",
          "format": "int64"
        },
        "isCreditBoeking": {
          "type": "boolean"
        },
        "dekkingscode": {
          "type": "string"
        },
        "onderdeel": {
          "type": "integer",
          "format": "int64"
        },
        "onderdeelverwijzing": {
          "type": "string"
        },
        "artikeltekst": {
          "type": "string"
        },
        "relevantePartijIsVerzekerde": {
          "type": "boolean"
        },
        "soortCoulance": {
          "$ref": "#/definitions/Declaratieverwerking.Verzekerden.SoortCoulance"
        },
        "machtigingPrestatieId": {
          "type": "string",
          "format": "uuid"
        },
        "creditDeclaratieRegelId": {
          "type": "string",
          "format": "uuid"
        },
        "isHistorisch": {
          "type": "boolean"
        },
        "creationDate": {
          "type": "string",
          "format": "date-time"
        }
      }
    },
    "Declaratieverwerking.Api.Klantcontact.Models.DeclaratieRegel.DeclaratieRegelZorgactiviteit": {
      "title": "Declaratieverwerking.Api.Klantcontact.Models.DeclaratieRegel.DeclaratieRegelZorgactiviteit",
      "type": "object",
      "properties": {
        "id": {
          "type": "string",
          "format": "uuid"
        },
        "type": {
          "type": "string"
        },
        "zorgactiviteitnummer": {
          "type": "string"
        },
        "zorgactiviteitCode": {
          "type": "string"
        },
        "zorgactiviteitOmschijving": {
          "type": "string"
        },
        "begindatum": {
          "type": "string",
          "format": "date-time"
        },
        "einddatum": {
          "type": "string",
          "format": "date-time"
        },
        "tijdseenheidCode": {
          "type": "integer",
          "format": "int32"
        },
        "tijdseenheidOmschrijving": {
          "type": "string"
        },
        "aantalTijdseenheden": {
          "type": "integer",
          "format": "int32"
        },
        "uitvoerderIdentifier": {
          "type": "integer",
          "format": "int64"
        },
        "uitvoerderAgbcode": {
          "type": "string"
        },
        "uitvoerderNaam": {
          "type": "string"
        },
        "uitvoerderTypeCode": {
          "type": "integer",
          "format": "int32"
        },
        "uitvoerderTypeOmschrijving": {
          "type": "string"
        },
        "uitvoerderZorgverlenersoortCode": {
          "type": "integer",
          "format": "int32"
        },
        "uitvoerderZorgverlenersoortOmschrijving": {
          "type": "string"
        },
        "uitvoerderZorgverlenersspecificatieCode": {
          "type": "integer",
          "format": "int32"
        },
        "uitvoerderZorgverlenersspecificatieOmschrijving": {
          "type": "string"
        },
        "afwijkendeInstellingIdentifier": {
          "type": "integer",
          "format": "int64"
        },
        "afwijkendeInstellingAgbcode": {
          "type": "string"
        },
        "afwijkendeInstellingNaam": {
          "type": "string"
        },
        "afwijkendeInstellingTypeCode": {
          "type": "integer",
          "format": "int32"
        },
        "afwijkendeInstellingTypeOmschrijving": {
          "type": "string"
        },
        "afwijkendeInstellingZorgverlenersoortCode": {
          "type": "integer",
          "format": "int32"
        },
        "afwijkendeInstellingZorgverlenersoortOmschrijving": {
          "type": "string"
        },
        "codeSoortDeclaratieInformatie": {
          "type": "integer",
          "format": "int32"
        }
      }
    },
    "Declaratieverwerking.Api.Klantcontact.Models.DeclaratieRegel.DeclaratieRegelTijdsbesteding": {
      "title": "Declaratieverwerking.Api.Klantcontact.Models.DeclaratieRegel.DeclaratieRegelTijdsbesteding",
      "type": "object",
      "properties": {
        "id": {
          "type": "string",
          "format": "uuid"
        },
        "begindatum": {
          "type": "string",
          "format": "date-time"
        },
        "einddatum": {
          "type": "string",
          "format": "date-time"
        },
        "tijdseenheidCode": {
          "type": "integer",
          "format": "int32"
        },
        "tijdseenheidOmschrijving": {
          "type": "string"
        },
        "soortBehandelaarCode": {
          "type": "integer",
          "format": "int32"
        },
        "soortBehandelaarOmschrijving": {
          "type": "string"
        },
        "hoofdbehandelaarIdentifier": {
          "type": "integer",
          "format": "int64"
        },
        "hoofdbehandelaarAgbcode": {
          "type": "string"
        },
        "hoofdbehandelaarNaam": {
          "type": "string"
        },
        "hoofdbehandelaarTypeCode": {
          "type": "integer",
          "format": "int32"
        },
        "hoofdbehandelaarTypeOmschrijving": {
          "type": "string"
        },
        "hoofdbehandelaarZorgverlenersoortCode": {
          "type": "integer",
          "format": "int32"
        },
        "hoofdbehandelaarZorgverlenersoortOmschrijving": {
          "type": "string"
        },
        "beroepMedebehandelaarCode": {
          "type": "integer",
          "format": "int32"
        },
        "beroepMedebehandelaarOmschrijving": {
          "type": "string"
        },
        "aantalTijdseenhedenDirect": {
          "type": "integer",
          "format": "int32"
        },
        "aantalTijdseenhedenIndirect": {
          "type": "integer",
          "format": "int32"
        }
      }
    },
    "Declaratieverwerking.Api.Klantcontact.Models.DeclaratieRegel.DeclaratieRegelApiModel": {
      "title": "Declaratieverwerking.Api.Klantcontact.Models.DeclaratieRegel.DeclaratieRegelApiModel",
      "type": "object",
      "properties": {
        "details": {
          "$ref": "#/definitions/Declaratieverwerking.Api.Klantcontact.Models.DeclaratieRegel.DeclaratieRegelDetails"
        },
        "boekingen": {
          "type": "array",
          "items": {
            "$ref": "#/definitions/Declaratieverwerking.Api.Klantcontact.Models.DeclaratieRegel.DeclaratieRegelBoeking"
          }
        },
        "zorgactiviteiten": {
          "type": "array",
          "items": {
            "$ref": "#/definitions/Declaratieverwerking.Api.Klantcontact.Models.DeclaratieRegel.DeclaratieRegelZorgactiviteit"
          }
        },
        "tijdsbestedingen": {
          "type": "array",
          "items": {
            "$ref": "#/definitions/Declaratieverwerking.Api.Klantcontact.Models.DeclaratieRegel.DeclaratieRegelTijdsbesteding"
          }
        },
        "aantalBoekingen": {
          "type": "integer",
          "format": "int32"
        },
        "aantalZorgactiviteiten": {
          "type": "integer",
          "format": "int32"
        },
        "aantalTijdsbestedingen": {
          "type": "integer",
          "format": "int32"
        }
      }
    },
    "Declaratieverwerking.Polisadministratie.SoortOvereenkomst": {
      "title": "Declaratieverwerking.Polisadministratie.SoortOvereenkomst",
      "type": "string",
      "enum": [
        "Zorgverzekeringswet",
        "Verdragspolis",
        "Zorgpolis"
      ]
    },
    "Declaratieverwerking.Api.Klantcontact.Models.EigenRisico.EigenRisicoPostModel": {
      "title": "Declaratieverwerking.Api.Klantcontact.Models.EigenRisico.EigenRisicoPostModel",
      "type": "object",
      "properties": {
        "zorgverzekerdeIdentifier": {
          "type": "integer",
          "format": "int32"
        },
        "zorgverzekeraarUzovi": {
          "type": "integer",
          "format": "int32"
        },
        "zorgverzekeraarLabel": {
          "type": "string"
        },
        "jaar": {
          "type": "integer",
          "minimum": 2000.0,
          "maximum": 2147483647.0,
          "format": "int32"
        },
        "soortOvereenkomst": {
          "$ref": "#/definitions/Declaratieverwerking.Polisadministratie.SoortOvereenkomst"
        },
        "includeDetails": {
          "type": "boolean"
        }
      },
      "required": [
        "zorgverzekerdeIdentifier",
        "jaar"
      ]
    },
    "Declaratieverwerking.Api.Klantcontact.Models.EigenRisico.EigenRisicoRegelModel": {
      "title": "Declaratieverwerking.Api.Klantcontact.Models.EigenRisico.EigenRisicoRegelModel",
      "type": "object",
      "properties": {
        "isOpenstaand": {
          "type": "boolean"
        },
        "id": {
          "type": "string",
          "format": "uuid"
        },
        "isCreditering": {
          "type": "boolean"
        },
        "zorgsoortCode": {
          "type": "string"
        },
        "zorgsoortOmschrijving": {
          "type": "string"
        },
        "currentStatusId": {
          "type": "integer",
          "format": "int32"
        },
        "currentStatusCode": {
          "type": "string"
        },
        "currentStatusName": {
          "type": "string"
        },
        "zorgverzekerdeIdentifier": {
          "type": "integer",
          "format": "int64"
        },
        "zorgverzekerdeTussenvoegsels": {
          "type": "string"
        },
        "zorgverzekerdeVoorletters": {
          "type": "string"
        },
        "zorgverzekerdeAchternaam": {
          "type": "string"
        },
        "zorgverzekerdeGeboortedatum": {
          "type": "string",
          "format": "date-time"
        },
        "begindatumPrestatie": {
          "type": "string",
          "format": "date-time"
        },
        "einddatumPrestatie": {
          "type": "string",
          "format": "date-time"
        },
        "declaratiebedrag": {
          "type": "integer",
          "format": "int64"
        },
        "inputbedragVergoedingsvoorwaarden": {
          "type": "integer",
          "format": "int64"
        },
        "toegekendbedrag": {
          "type": "integer",
          "format": "int64"
        },
        "uitkeerbedragVoorEigenRisico": {
          "type": "integer",
          "format": "int64"
        },
        "prestatiecodelijst": {
          "type": "integer",
          "format": "int32"
        },
        "prestatiecode": {
          "type": "string"
        },
        "declaratiecode": {
          "type": "string"
        },
        "prestatieomschrijving": {
          "type": "string"
        },
        "prestatieomschrijvingOutputgroep": {
          "type": "string"
        },
        "declarantTypeOmschrijving": {
          "type": "string"
        },
        "declarantTypeCode": {
          "type": "integer",
          "format": "int32"
        },
        "ontvangstDatum": {
          "type": "string",
          "format": "date-time"
        },
        "factuurNummer": {
          "type": "string"
        },
        "verplichtEigenRisicoBedrag": {
          "type": "integer",
          "format": "int64"
        },
        "isCreditVerplichtEigenRisicoBedrag": {
          "type": "boolean"
        },
        "vrijwilligEigenRisicoBedrag": {
          "type": "integer",
          "format": "int64"
        },
        "isCreditVrijwilligEigenRisicoBedrag": {
          "type": "boolean"
        },
        "samengesteldEigenRisicoBedrag": {
          "type": "integer",
          "format": "int64"
        },
        "isCreditSamengesteldEigenRisicoBedrag": {
          "type": "boolean"
        },
        "tariefClassCode": {
          "type": "integer",
          "format": "int32"
        },
        "tariefClassOmschrijving": {
          "type": "string"
        }
      }
    },
    "Declaratieverwerking.Api.Klantcontact.Models.EigenRisico.EigenRisicoModel": {
      "title": "Declaratieverwerking.Api.Klantcontact.Models.EigenRisico.EigenRisicoModel",
      "type": "object",
      "properties": {
        "soortOvereenkomst": {
          "$ref": "#/definitions/Declaratieverwerking.Polisadministratie.SoortOvereenkomst"
        },
        "begindatum": {
          "type": "string",
          "format": "date-time"
        },
        "einddatum": {
          "type": "string",
          "format": "date-time"
        },
        "openstaandVerplicht": {
          "type": "integer",
          "format": "int64"
        },
        "openstaandVrijwillig": {
          "type": "integer",
          "format": "int64"
        },
        "openstaandSamengesteld": {
          "type": "integer",
          "format": "int64"
        },
        "totaalVerplicht": {
          "type": "integer",
          "format": "int64"
        },
        "totaalVrijwillig": {
          "type": "integer",
          "format": "int64"
        },
        "totaalSamengesteld": {
          "type": "integer",
          "format": "int64"
        },
        "regels": {
          "type": "array",
          "items": {
            "$ref": "#/definitions/Declaratieverwerking.Api.Klantcontact.Models.EigenRisico.EigenRisicoRegelModel"
          }
        }
      }
    },
    "Declaratieverwerking.Api.Klantcontact.Models.EigenRisico.EigenRisicoApiModel": {
      "title": "Declaratieverwerking.Api.Klantcontact.Models.EigenRisico.EigenRisicoApiModel",
      "type": "object",
      "properties": {
        "eigenRisicos": {
          "type": "array",
          "items": {
            "$ref": "#/definitions/Declaratieverwerking.Api.Klantcontact.Models.EigenRisico.EigenRisicoModel"
          }
        }
      }
    },
    "Declaratieverwerking.Api.Klantcontact.Models.Machtiging.MachtigingPostModel": {
      "title": "Declaratieverwerking.Api.Klantcontact.Models.Machtiging.MachtigingPostModel",
      "type": "object",
      "properties": {
        "zorgverzekerdeIdentifier": {
          "type": "integer",
          "format": "int32"
        },
        "zorgverzekeraarUzovi": {
          "type": "integer",
          "format": "int32"
        },
        "zorgverzekeraarLabel": {
          "type": "string"
        },
        "periodeStartDatum": {
          "type": "string",
          "format": "date-time"
        },
        "periodeTotEnMetDatum": {
          "type": "string",
          "format": "date-time"
        },
        "machtigingId": {
          "type": "string",
          "format": "uuid"
        },
        "machtigingPrestatieId": {
          "type": "string",
          "format": "uuid"
        },
        "functioneelKenmerk": {
          "type": "string"
        },
        "includeStatusVervallen": {
          "type": "boolean"
        },
        "includeMachtigingDetails": {
          "type": "boolean"
        },
        "includeMachtigingPrestatie": {
          "type": "boolean"
        },
        "includeMachtigingPrestatieDetails": {
          "type": "boolean"
        }
      }
    },
    "Declaratieverwerking.MachtigingIndicatieBuitenland": {
      "title": "Declaratieverwerking.MachtigingIndicatieBuitenland",
      "type": "string",
      "enum": [
        "Nee",
        "Ja"
      ]
    },
    "Declaratieverwerking.Api.Klantcontact.Models.Machtiging.MachtigingZorgaanbiedersRol": {
      "title": "Declaratieverwerking.Api.Klantcontact.Models.Machtiging.MachtigingZorgaanbiedersRol",
      "type": "string",
      "enum": [
        "Aanvrager",
        "Uitvoerder",
        "Verwijzer",
        "BuitenlandseZorgaanbieder"
      ]
    },
    "Declaratieverwerking.Api.Klantcontact.Models.Machtiging.MachtigingZorgaanbiederModel": {
      "title": "Declaratieverwerking.Api.Klantcontact.Models.Machtiging.MachtigingZorgaanbiederModel",
      "type": "object",
      "properties": {
        "zorgaanbiederIdentifier": {
          "type": "integer",
          "format": "int64"
        },
        "rol": {
          "$ref": "#/definitions/Declaratieverwerking.Api.Klantcontact.Models.Machtiging.MachtigingZorgaanbiedersRol"
        },
        "naam": {
          "type": "string"
        },
        "agbcode": {
          "type": "string"
        },
        "zorgaanbiederTypeCode": {
          "type": "integer",
          "format": "int32"
        },
        "zorgaanbiederTypeOmschrijving": {
          "type": "string"
        },
        "zorgverlenersoortCode": {
          "type": "integer",
          "format": "int32"
        },
        "zorgverlenersoortOmschrijving": {
          "type": "string"
        },
        "woonplaats": {
          "type": "string"
        },
        "land": {
          "type": "string"
        }
      }
    },
    "Declaratieverwerking.Api.Klantcontact.Models.Machtiging.MachtigingCorrespondentieModel": {
      "title": "Declaratieverwerking.Api.Klantcontact.Models.Machtiging.MachtigingCorrespondentieModel",
      "type": "object",
      "properties": {
        "correspondentiedatum": {
          "type": "string",
          "format": "date-time"
        },
        "dmsBestandsIdentifier": {
          "type": "string"
        }
      }
    },
    "Declaratieverwerking.Api.Klantcontact.Models.Machtiging.MachtigingDetailsModel": {
      "title": "Declaratieverwerking.Api.Klantcontact.Models.Machtiging.MachtigingDetailsModel",
      "type": "object",
      "properties": {
        "ontvangstdatum": {
          "type": "string",
          "format": "date-time"
        },
        "inleesdatum": {
          "type": "string",
          "format": "date-time"
        },
        "afhandeldatum": {
          "type": "string",
          "format": "date-time"
        },
        "indicatieCoulance": {
          "type": "boolean"
        },
        "indicatieOngeval": {
          "type": "boolean"
        },
        "indicatieBuitenland": {
          "$ref": "#/definitions/Declaratieverwerking.MachtigingIndicatieBuitenland"
        },
        "dekkingProducttypeCode": {
          "type": "integer",
          "format": "int32"
        },
        "dekkingProducttypeOmschrijving": {
          "type": "string"
        },
        "aangevraagdBedrag": {
          "type": "integer",
          "format": "int64"
        },
        "dossierEigenaar": {
          "type": "string"
        },
        "contractnummer": {
          "type": "string"
        },
        "zorgaanbieders": {
          "type": "array",
          "items": {
            "$ref": "#/definitions/Declaratieverwerking.Api.Klantcontact.Models.Machtiging.MachtigingZorgaanbiederModel"
          }
        },
        "correspondentie": {
          "type": "array",
          "items": {
            "$ref": "#/definitions/Declaratieverwerking.Api.Klantcontact.Models.Machtiging.MachtigingCorrespondentieModel"
          }
        }
      }
    },
    "Declaratieverwerking.Api.Klantcontact.Models.Machtiging.MachtigingToelichtingModel": {
      "title": "Declaratieverwerking.Api.Klantcontact.Models.Machtiging.MachtigingToelichtingModel",
      "type": "object",
      "properties": {
        "id": {
          "type": "integer",
          "format": "int32"
        },
        "code": {
          "type": "string"
        },
        "interneOmschrijving": {
          "type": "string"
        },
        "externeOmschrijving": {
          "type": "string"
        }
      }
    },
    "Declaratieverwerking.Api.Klantcontact.Models.Machtiging.MachtigingPrestatieDetailsModel": {
      "title": "Declaratieverwerking.Api.Klantcontact.Models.Machtiging.MachtigingPrestatieDetailsModel",
      "type": "object",
      "properties": {
        "maximumAantal": {
          "type": "integer",
          "format": "int32"
        },
        "eenheid": {
          "type": "string"
        },
        "maximumBedrag": {
          "type": "integer",
          "format": "int64"
        },
        "begindatumIndicatiebesluit": {
          "type": "string",
          "format": "date-time"
        },
        "einddatumIndicatiebesluit": {
          "type": "string",
          "format": "date-time"
        },
        "agph1HulpmiddelCode": {
          "type": "integer",
          "format": "int32"
        },
        "agph1HulpmiddelOmschrijving": {
          "type": "string"
        },
        "soortKostenHulpmiddelCode": {
          "type": "integer",
          "format": "int32"
        },
        "soortKostenHulpmiddelOmschrijving": {
          "type": "string"
        },
        "indicatiePositieHulpmiddelCode": {
          "type": "integer",
          "format": "int32"
        },
        "indicatiePositieHulpmiddelOmschrijving": {
          "type": "string"
        },
        "indicatieBijzondereTandheelkundeCode": {
          "type": "string"
        },
        "indicatieBijzondereTandheelkundeOmschrijving": {
          "type": "string"
        },
        "soortBijzondereTandheelkundeCode": {
          "type": "integer",
          "format": "int32"
        },
        "soortBijzondereTandheelkundeOmschrijving": {
          "type": "string"
        },
        "indicatieBovenOnderMondzorgCode": {
          "type": "integer",
          "format": "int32"
        },
        "indicatieBovenOnderMondzorgOmschrijving": {
          "type": "string"
        },
        "indicatieSoortPrestatieMondzorgCode": {
          "type": "integer",
          "format": "int32"
        },
        "indicatieSoortPrestatieMondzorgOmschrijving": {
          "type": "string"
        },
        "diagnosecode": {
          "type": "string"
        },
        "diagnosecode1": {
          "type": "integer",
          "format": "int32"
        },
        "diagnosecodelijst1": {
          "type": "integer",
          "format": "int32"
        },
        "diagnosecode3": {
          "type": "string"
        },
        "diagnosecodelijst3": {
          "type": "integer",
          "format": "int32"
        }
      }
    },
    "Declaratieverwerking.Api.Klantcontact.Models.Machtiging.MachtigingPrestatieModel": {
      "title": "Declaratieverwerking.Api.Klantcontact.Models.Machtiging.MachtigingPrestatieModel",
      "type": "object",
      "properties": {
        "id": {
          "type": "string",
          "format": "uuid"
        },
        "prestatiegroepCode": {
          "type": "string"
        },
        "prestatiegroepOmschrijving": {
          "type": "string"
        },
        "prestatiecodelijst": {
          "type": "integer",
          "format": "int32"
        },
        "declaratiecode": {
          "type": "string"
        },
        "prestatiecode": {
          "type": "string"
        },
        "prestatieOmschrijving": {
          "type": "string"
        },
        "zorgactiviteitCode": {
          "type": "string"
        },
        "zorgactiviteitOmschrijving": {
          "type": "string"
        },
        "details": {
          "$ref": "#/definitions/Declaratieverwerking.Api.Klantcontact.Models.Machtiging.MachtigingPrestatieDetailsModel"
        }
      }
    },
    "Declaratieverwerking.Api.Klantcontact.Models.Machtiging.MachtigingModel": {
      "title": "Declaratieverwerking.Api.Klantcontact.Models.Machtiging.MachtigingModel",
      "type": "object",
      "properties": {
        "id": {
          "type": "string",
          "format": "uuid"
        },
        "zorgverzekeraarUzovi": {
          "type": "integer",
          "format": "int32"
        },
        "zorgverzekeraarLabel": {
          "type": "string"
        },
        "zorgverzekerdeIdentifier": {
          "type": "integer",
          "format": "int32"
        },
        "functioneelKenmerk": {
          "type": "string"
        },
        "begindatum": {
          "type": "string",
          "format": "date-time"
        },
        "einddatum": {
          "type": "string",
          "format": "date-time"
        },
        "zorgsoortCode": {
          "type": "string"
        },
        "zorgsoortOmschrijving": {
          "type": "string"
        },
        "currentStatusId": {
          "type": "integer",
          "format": "int32"
        },
        "currentStatusCode": {
          "type": "string"
        },
        "currentStatusNaam": {
          "type": "string"
        },
        "details": {
          "$ref": "#/definitions/Declaratieverwerking.Api.Klantcontact.Models.Machtiging.MachtigingDetailsModel"
        },
        "toelichtingen": {
          "type": "array",
          "items": {
            "$ref": "#/definitions/Declaratieverwerking.Api.Klantcontact.Models.Machtiging.MachtigingToelichtingModel"
          }
        },
        "prestaties": {
          "type": "array",
          "items": {
            "$ref": "#/definitions/Declaratieverwerking.Api.Klantcontact.Models.Machtiging.MachtigingPrestatieModel"
          }
        }
      }
    },
    "Declaratieverwerking.Api.Klantcontact.Models.Machtiging.MachtigingApiModel": {
      "title": "Declaratieverwerking.Api.Klantcontact.Models.Machtiging.MachtigingApiModel",
      "type": "object",
      "properties": {
        "machtigingen": {
          "type": "array",
          "items": {
            "$ref": "#/definitions/Declaratieverwerking.Api.Klantcontact.Models.Machtiging.MachtigingModel"
          }
        }
      }
    },
    "Declaratieverwerking.Api.Klantcontact.Models.Zorgbudgetten.ZorgBudgettenPostModel": {
      "title": "Declaratieverwerking.Api.Klantcontact.Models.Zorgbudgetten.ZorgBudgettenPostModel",
      "type": "object",
      "properties": {
        "zorgverzekerdeIdentifier": {
          "type": "integer",
          "format": "int32"
        },
        "zorgverzekeraarUzovi": {
          "type": "integer",
          "format": "int32"
        },
        "zorgverzekeraarLabel": {
          "type": "string"
        },
        "peildatum": {
          "type": "string",
          "format": "date-time"
        },
        "dekkingscode": {
          "type": "string"
        },
        "soortOvereenkomst": {
          "$ref": "#/definitions/Declaratieverwerking.Polisadministratie.SoortOvereenkomst"
        },
        "includeRegels": {
          "type": "boolean"
        }
      },
      "required": [
        "zorgverzekerdeIdentifier",
        "peildatum"
      ]
    },
    "Declaratieverwerking.Api.Klantcontact.Models.Zorgbudgetten.ZorgBudgetPrestatieGroepModel": {
      "title": "Declaratieverwerking.Api.Klantcontact.Models.Zorgbudgetten.ZorgBudgetPrestatieGroepModel",
      "type": "object",
      "properties": {
        "prestatiegroepCode": {
          "type": "string"
        },
        "prestatiegroepOmschrijving": {
          "type": "string"
        }
      }
    },
    "Declaratieverwerking.Api.Klantcontact.Models.Zorgbudgetten.ZorgBudgetPrestatieModel": {
      "title": "Declaratieverwerking.Api.Klantcontact.Models.Zorgbudgetten.ZorgBudgetPrestatieModel",
      "type": "object",
      "properties": {
        "prestatiecodelijstCode": {
          "type": "integer",
          "format": "int32"
        },
        "prestatiecodelijstOmschrijving": {
          "type": "string"
        },
        "declaratiecode": {
          "type": "string"
        },
        "prestatiecode": {
          "type": "string"
        },
        "prestatieOmschrijving": {
          "type": "string"
        }
      }
    },
    "Declaratieverwerking.Api.Klantcontact.Models.Zorgbudgetten.ZorgBudgetDeclaratieRegelModel": {
      "title": "Declaratieverwerking.Api.Klantcontact.Models.Zorgbudgetten.ZorgBudgetDeclaratieRegelModel",
      "type": "object",
      "properties": {
        "uitkeerAantalInBudget": {
          "type": "integer",
          "format": "int32"
        },
        "uitkeerBedragInBudget": {
          "type": "integer",
          "format": "int64"
        },
        "eigenBijdrageInBudget": {
          "type": "integer",
          "format": "int64"
        },
        "id": {
          "type": "string",
          "format": "uuid"
        },
        "isCreditering": {
          "type": "boolean"
        },
        "zorgsoortCode": {
          "type": "string"
        },
        "zorgsoortOmschrijving": {
          "type": "string"
        },
        "currentStatusId": {
          "type": "integer",
          "format": "int32"
        },
        "currentStatusCode": {
          "type": "string"
        },
        "currentStatusName": {
          "type": "string"
        },
        "zorgverzekerdeIdentifier": {
          "type": "integer",
          "format": "int64"
        },
        "zorgverzekerdeTussenvoegsels": {
          "type": "string"
        },
        "zorgverzekerdeVoorletters": {
          "type": "string"
        },
        "zorgverzekerdeAchternaam": {
          "type": "string"
        },
        "zorgverzekerdeGeboortedatum": {
          "type": "string",
          "format": "date-time"
        },
        "begindatumPrestatie": {
          "type": "string",
          "format": "date-time"
        },
        "einddatumPrestatie": {
          "type": "string",
          "format": "date-time"
        },
        "declaratiebedrag": {
          "type": "integer",
          "format": "int64"
        },
        "inputbedragVergoedingsvoorwaarden": {
          "type": "integer",
          "format": "int64"
        },
        "toegekendbedrag": {
          "type": "integer",
          "format": "int64"
        },
        "uitkeerbedragVoorEigenRisico": {
          "type": "integer",
          "format": "int64"
        },
        "prestatiecodelijst": {
          "type": "integer",
          "format": "int32"
        },
        "prestatiecode": {
          "type": "string"
        },
        "declaratiecode": {
          "type": "string"
        },
        "prestatieomschrijving": {
          "type": "string"
        },
        "prestatieomschrijvingOutputgroep": {
          "type": "string"
        },
        "declarantTypeOmschrijving": {
          "type": "string"
        },
        "declarantTypeCode": {
          "type": "integer",
          "format": "int32"
        },
        "ontvangstDatum": {
          "type": "string",
          "format": "date-time"
        },
        "factuurNummer": {
          "type": "string"
        },
        "verplichtEigenRisicoBedrag": {
          "type": "integer",
          "format": "int64"
        },
        "isCreditVerplichtEigenRisicoBedrag": {
          "type": "boolean"
        },
        "vrijwilligEigenRisicoBedrag": {
          "type": "integer",
          "format": "int64"
        },
        "isCreditVrijwilligEigenRisicoBedrag": {
          "type": "boolean"
        },
        "samengesteldEigenRisicoBedrag": {
          "type": "integer",
          "format": "int64"
        },
        "isCreditSamengesteldEigenRisicoBedrag": {
          "type": "boolean"
        },
        "tariefClassCode": {
          "type": "integer",
          "format": "int32"
        },
        "tariefClassOmschrijving": {
          "type": "string"
        }
      }
    },
    "Declaratieverwerking.Api.Klantcontact.Models.Zorgbudgetten.ZorgBudgetModel": {
      "title": "Declaratieverwerking.Api.Klantcontact.Models.Zorgbudgetten.ZorgBudgetModel",
      "type": "object",
      "properties": {
        "isTopXZorgbudget": {
          "type": "boolean"
        },
        "zorgverzekeraarUzovi": {
          "type": "integer",
          "format": "int32"
        },
        "zorgverzekeraarLabel": {
          "type": "string"
        },
        "polisnummer": {
          "type": "string"
        },
        "soortOvereenkomst": {
          "type": "string"
        },
        "collectiviteitsnummer": {
          "type": "string"
        },
        "codeSoortProductset": {
          "type": "string"
        },
        "dekkingscode": {
          "type": "string"
        },
        "indicatieOnderdeel": {
          "type": "boolean"
        },
        "indicatieEigenBijdrage": {
          "type": "boolean"
        },
        "commercieelProductNaam": {
          "type": "string"
        },
        "zorgvoorwaardeOnderdeelVerwijzing": {
          "type": "string"
        },
        "zorgvoorwaardeOnderdeelOnderwerp": {
          "type": "string"
        },
        "zorgvoorwaardeOnderdeelNaam": {
          "type": "string"
        },
        "zorgvoorwaardeOnderdeelOmschrijving": {
          "type": "string"
        },
        "zorgvoorwaardeDetailOmschrijving": {
          "type": "string"
        },
        "zorgvoorwaardeDetailCorrespondentieTekst": {
          "type": "string"
        },
        "zorgvoorwaardeProductTypeCode": {
          "type": "integer",
          "format": "int32"
        },
        "zorgvoorwaardeProductTypeOmschrijving": {
          "type": "string"
        },
        "begindatum": {
          "type": "string",
          "format": "date-time"
        },
        "einddatum": {
          "type": "string",
          "format": "date-time"
        },
        "vergoedingMaxBedrag": {
          "type": "integer",
          "format": "int32"
        },
        "vergoedingMaxAantal": {
          "type": "integer",
          "format": "int32"
        },
        "eenheidcodeVergoedingsMaxAantal": {
          "type": "integer",
          "format": "int32"
        },
        "eenheidOmschrijvingVergoedingsMaxAantal": {
          "type": "string"
        },
        "tussengrens": {
          "type": "integer",
          "format": "int64"
        },
        "vergoedingMaximumEigenBijdrage": {
          "type": "integer",
          "format": "int32"
        },
        "aantalVergoedingsPeriode": {
          "type": "integer",
          "format": "int32"
        },
        "eenheidVergoedingsPeriode": {
          "type": "string"
        },
        "vergoedingPerDiagnose": {
          "type": "boolean"
        },
        "vergoedingVergoedingspercentage": {
          "type": "integer",
          "format": "int32"
        },
        "vergoedingVergoedingspercentageBovenMaximum": {
          "type": "integer",
          "format": "int32"
        },
        "vergoedingEigenBijdragePerPositie": {
          "type": "boolean"
        },
        "bedragVerbruikt": {
          "type": "integer",
          "format": "int64"
        },
        "aantalVerbruikt": {
          "type": "integer",
          "format": "int32"
        },
        "eigenBijdrageVerbruikt": {
          "type": "integer",
          "format": "int64"
        },
        "laatsteDeclaratieregel": {
          "type": "string",
          "format": "uuid"
        },
        "prestatieGroepen": {
          "type": "array",
          "items": {
            "$ref": "#/definitions/Declaratieverwerking.Api.Klantcontact.Models.Zorgbudgetten.ZorgBudgetPrestatieGroepModel"
          }
        },
        "prestaties": {
          "type": "array",
          "items": {
            "$ref": "#/definitions/Declaratieverwerking.Api.Klantcontact.Models.Zorgbudgetten.ZorgBudgetPrestatieModel"
          }
        },
        "declaratieRegels": {
          "type": "array",
          "items": {
            "$ref": "#/definitions/Declaratieverwerking.Api.Klantcontact.Models.Zorgbudgetten.ZorgBudgetDeclaratieRegelModel"
          }
        }
      }
    },
    "Declaratieverwerking.Api.Klantcontact.Models.Zorgbudgetten.ZorgBudgettenApiModel": {
      "title": "Declaratieverwerking.Api.Klantcontact.Models.Zorgbudgetten.ZorgBudgettenApiModel",
      "type": "object",
      "properties": {
        "budgetten": {
          "type": "array",
          "items": {
            "$ref": "#/definitions/Declaratieverwerking.Api.Klantcontact.Models.Zorgbudgetten.ZorgBudgetModel"
          }
        }
      }
    }
  },
  "tags": [
    {
      "name": "Declaratie",
      "description": ""
    },
    {
      "name": "DeclaratieRegel",
      "description": ""
    },
    {
      "name": "EigenRisico",
      "description": ""
    },
    {
      "name": "Machtiging",
      "description": ""
    },
    {
      "name": "Metrics",
      "description": ""
    },
    {
      "name": "Zorgbudgetten",
      "description": ""
    }
  ]
}