<?xml version="1.0" encoding="UTF-8"?>
<!-- ====================================================================== 

     general builds    
     general builds, for instance for global changes, fix
     
     Contains:
     - Targets
     - Global settings
     - Taskdefs
     - PresetDefs
                   
     ====================================================================== -->
<project name="antlib" xmlns:al="antlib:ise.antelope.tasks" xmlns:af="antlib:com.sardak.antform" xmlns:jm="antlib:org.programmerplanet.ant">


	<!-- 
	============================================================================
	Public targets
	============================================================================
	-->

	<target name="buildBar" description="Build barfile">
		<loadBuildProperties />
		<al:if>
			<bool>
				<not>
					<al:or>
						<equals arg1="${build.type}" arg2="application" />
						<equals arg1="${build.type}" arg2="RESTAPI" />
						<equals arg1="${build.type}" arg2="Shared library" />
					</al:or>
				</not>
			</bool>
			<fail message="Only perform buildBar from a Dev build.xml" />
		</al:if>

		<exec executable="${workspace.path}\DevToolsV2\DevTools\scripts\GitCommands.bat" failonerror="true">
		</exec>


		<property name="temp.builddir" value="${tempdir}/${build.servicenaam}_build" />
		<echo message="Creating temporary workspace" level="warning" />
		<delete dir="${temp.builddir}" />
		<mkdir dir="${temp.builddir}" />
		<copyBuildDirs>
			<fileset dir="${workspace.path}" includes="**/.project" />
			<path>
				<pathelement location="${workspace.path}" />
			</path>
		</copyBuildDirs>
		<echo message="Building barfile ${build.servicenaam}.bar" level="warning" />
		<al:if>
			<bool>
				<al:or>
					<equals arg1="${build.type}" arg2="application" />
					<equals arg1="${build.type}" arg2="RESTAPI" />
				</al:or>
			</bool>
			<buildBar>
				<arg value="${build.servicenaam}App" />
			</buildBar>
			<else>
				<!-- This is for shared library -->
				<buildBar>
					<arg value="${build.servicenaam}" />
				</buildBar>

			</else>
		</al:if>
		<!--<eclipse.refreshLocal resource="${ant.project.name}" depth="infinite"/>-->
	</target>

	<target name="buildDeploy" depends="buildBar, deployBar" description="--> Build and deploy the bar file">
	</target>

	<target name="createDeliverable" description="Create a deliverable">
		<loadBuildProperties />
		<al:if>
			<bool>
				<isset property="tfbuildnumber" />
			</bool>

			<loadresource property="build.number">
				<propertyresource name="tfbuildnumber" />
				<filterchain>
					<tokenfilter>
						<filetokenizer />
						<replacestring from="${build.servicenaam}_" to="" />
						<replacestring from="." to="_" />
					</tokenfilter>
				</filterchain>
			</loadresource>

			<tstamp>
				<format property="build.datetime" pattern="yyyy-MM-dd'T'HH:mm:ss" />
			</tstamp>
			<echo>Deliverable directory: ${git.basedir}/BuildArtifact/${build.servicenaam}/${build.servicenaam}_${build.number}</echo>
			<property name="deliverable.dir" value="${git.basedir}/BuildArtifact/${build.servicenaam}/${build.servicenaam}_${build.number}" />
			<copy todir="${deliverable.dir}">
				<fileset dir=".">
					<include name="*.mqsc" />
					<include name="createFolderStructure.cmd" />
					<include name="deployMQsetup.cmd" />
					<include name="deployMQsetup_*.cmd" />
					<include name="deployRemoteMQsetup.cmd" />
					<include name="MoveBQMsg.bat" />
					<include name="${build.servicenaam}.bar" />
					<include name="MonitoringProfiles/**" />
					<include name="ConfigurableServices/**" />
					<exclude name="ConfigurableServices/*-IIB10NODE.*" />
					<include name="propsets/*.*" />
					<include name="override/*.*" />
					<include name="deployment/*.*" />
					<include name="odbc/*.*" />
				</fileset>
				<fileset dir="${devtools.dir}">
					<include name="nodes/O/*.*" />
					<include name="nodes/T/*.*" />
					<include name="nodes/A/*.*" />
					<include name="nodes/P/*.*" />
					<include name="antlib.xml" />
					<include name="eclipse.running.*.taskdefs.xml" />
					<include name="default.properties" />
				</fileset>
				<fileset dir="${devtools.dir}/deployscripts">
					<include name="*" />
				</fileset>
				<fileset dir="../${build.servicenaam}Conf" erroronmissingdir="false">
					<include name="**/**" />
					<exclude name=".*" />
				</fileset>
			</copy>

			<touch file="${deliverable.dir}/build.properties" />
			<concat destfile="${deliverable.dir}/build.properties" append="true" fixlastline="yes">
				<header filtering="no" trimleading="yes">
					number=${build.number}
					datetime=${build.datetime}
				</header>
				<fileset dir="${workspace.path}" file="build.properties" />
			</concat>

			<else>
				<echo message="Only the buildserver should create deliverables." level="error" />
			</else>
		</al:if>

	</target>

	<target name="createDeliverableShLib" description="Create a deliverable">
		<loadBuildProperties />
		<al:if>
			<bool>
				<isset property="tfbuildnumber" />
			</bool>

			<property file="deployment/default_deploy.properties" prefix="tempprops" />
			<loadresource property="copynodes.node">
				<propertyresource name="tempprops.node" />
				<filterchain>
					<tokenfilter>
						<filetokenizer />
						<replacestring from="1" to="?" />
					</tokenfilter>
				</filterchain>
			</loadresource>

			<loadresource property="build.number">
				<propertyresource name="tfbuildnumber" />
				<filterchain>
					<tokenfilter>
						<filetokenizer />
						<replacestring from="${build.servicenaam}_" to="" />
						<replacestring from="." to="_" />
					</tokenfilter>
				</filterchain>
			</loadresource>

			<tstamp>
				<format property="build.datetime" pattern="yyyy-MM-dd'T'HH:mm:ss" />
			</tstamp>

			<property name="deliverable.dir" value="${git.basedir}/Releases/${build.servicenaam}/${build.servicenaam}_${build.number}" />
			<copy todir="${deliverable.dir}">
				<fileset dir=".">
					<include name="${build.servicenaam}.bar" />
					<include name="MonitoringProfiles/**" />
					<include name="ConfigurableServices/**" />
					<exclude name="ConfigurableServices/*-IIB10NODE.*" />
					<include name="propsets/*.*" />
					<include name="override/*.*" />
					<include name="deployment/*.*" />
				</fileset>
				<fileset dir="${devtools.dir}">
					<include name="nodes/O/*.*" />
					<include name="nodes/T/*.*" />
					<include name="nodes/A/*.*" />
					<include name="nodes/P/*.*" />
					<include name="antlib.xml" />
					<include name="eclipse.running.false.taskdefs.xml" />
					<include name="default.properties" />
				</fileset>

				<fileset dir="${devtools.dir}/deployscripts">
					<include name="*" />
				</fileset>
				<fileset dir="../${build.servicenaam}Conf" erroronmissingdir="false">
					<include name="**/**" />
					<exclude name=".*" />
				</fileset>
			</copy>

			<touch file="${deliverable.dir}/build.properties" />
			<concat destfile="${deliverable.dir}/build.properties" append="true" fixlastline="yes">
				<header filtering="no" trimleading="yes">
					number=${build.number}
					datetime=${build.datetime}
				</header>
				<fileset dir="${workspace.path}" file="build.properties" />
			</concat>

			<propertyfile file="${deliverable.dir}/deployment/default_deploy.properties">
				<entry key="server" value="${node}_" />
				<entry key="node" value="${otap}IBINTR1" />
			</propertyfile>

			<else>
				<echo message="Only the buildserver should create deliverables." level="error" />
			</else>
		</al:if>

	</target>

	<target name="deployBar" description="Deploy .bar file to runtime.">
		<loadBuildProperties />
		<condition property="deploy.node" value="${node}">
			<isset property="node" />
		</condition>
		<condition property="deploy.server" value="${server}">
			<isset property="server" />
		</condition>
		<setCurlSecurityProps />

		<property name="barname" value="${build.servicenaam}" />

		<delete dir="${tempdir}" includes="${barname}*" />

		<property file="propsets/${propset}.properties" prefix="propset" />
		<property file="deployment/${propset.deployment}.properties" prefix="deploy" />
		<loadNodeProperties node="${deploy.node}" />
		
		<!--Skip deployment van configurable services indien expliciet uitgeschakeld-->
		<al:if>
			<bool>
				<al:or>
		      		<not>
		        		<isset property="deployconfigurableservice"/>
		      		</not>
					<istrue value="${deployconfigurableservice}"/>
				</al:or>
			</bool>
			<applyConfigurableServices />
		</al:if>

		<touch file="${tempdir}/${barname}_override.properties" />

		<al:if name="deploy.event_monitoring" value="yes">
			<applyMonitoringProfiles />
			<concat destfile="${tempdir}/${barname}_override.properties" append="true" fixlastline="yes">
				<fileset dir="MonitoringProfiles" includes="*_overrides.properties" />
				<filterchain>
					<ignoreblank />
					<expandproperties />
				</filterchain>
			</concat>
		</al:if>

		<al:if name="propset.override">
			<echo level="info">Using override/${propset.override}.properties for extra overrides</echo>
			<echo level="info">Destination file: ${tempdir}/${barname}_override.properties</echo>
			<echo level="info">Prop file: ${propset.override}.properties</echo>
			<echo level="info">Prop file: ${propset.override}-${deploy.node}.properties</echo>
			
			<concat destfile="${tempdir}/${barname}_override.properties" append="true" fixlastline="yes">
				<fileset dir="override">
					<include name="${propset.override}.properties" />
					<include name="${propset.override}-${deploy.node}.properties" />
				</fileset>
				<filterchain>
					<ignoreblank />
					<expandproperties />
				</filterchain>
			</concat>
		</al:if>

		<al:if>
			<bool>
				<al:or>
					<isset property="propset.override" />
					<equals arg1="${deploy.event_monitoring}" arg2="yes" />
				</al:or>
			</bool>


			<mqsiapplybaroverride barfile="${barname}.bar" overridefile="${tempdir}/${barname}_override.properties" output="${tempdir}/${barname}.bar" />
			<mqsideploy barfile="${tempdir}/${barname}.bar" eg="${deploy.server}" timeout="${node.timeout}" deleteResources="no" />

			<al:else>
				<mqsideploy barfile="${barname}.bar" eg="${deploy.server}" timeout="${node.timeout}" deleteResources="no" />
			</al:else>
		</al:if>

		<al:if name="deploy.event_monitoring" value="yes">
			<applyMonitoring eg="${deploy.server}" />
		</al:if>

		<al:if name="deploy.create_folderstructure" value="yes">
			<createFileInputFolderStructure />
		</al:if>

		<!-- 
		     TODO Deze functionaliteit moet nog verder gebouwd en getest worden.
		     Daarna deze if weer inschakelen om de functionaliteit te gebruiken.
		-->
		<!-- al:if>
			<bool>
				<al:or>
					<equals arg1="${otap}" arg2="T"/>
					<equals arg1="${otap}" arg2="A"/>
					<equals arg1="${otap}" arg2="P"/>
				</al:or>
			</bool>
			<updateServiceCatalogus/>
		</al:if-->
	</target>

	<target name="removeBar" description="Remove service from runtime">
		<loadBuildProperties />
		<condition property="deploy.node" value="${node}">
			<isset property="node" />
		</condition>
		<condition property="deploy.server" value="${server}">
			<isset property="server" />
		</condition>
		<property file="propsets/${propset}.properties" prefix="propset" />
		<property file="deployment/${propset.deployment}.properties" prefix="deploy" />
		<loadNodeProperties node="${deploy.node}" />

		<property name="remove.servicenaam" value="${build.servicenaam}App" />
		<condition property="remove.components" value="${remove.servicenaam}:${build.appdomain}" else="${remove.servicenaam}">
			<isset property="build.appdomain" />
		</condition>

		<echo message="***	Removing ${remove.servicenaam} from node: ${deploy.node}, server: ${deploy.server}" level="warning" />
		<echo>mqsideploy -n ${devtools.dir}/nodes/${otap}/${deploy.node}.broker -e ${deploy.server} -d ${remove.components} -w 400</echo>
		<exec executable="mqsideploy" failonerror="true">
			<arg value="-n" />
			<arg file="${devtools.dir}/nodes/${otap}/${deploy.node}.broker" />
			<arg value="-e" />
			<arg value="${deploy.server}" />
			<arg value="-d" />
			<arg value="${remove.components}" />
			<arg value="-w" />
			<arg value="400" />
		</exec>
	</target>
	
	<target name="deployConfigurableServices" description="Deploy configurable services to runtime.">
			<loadBuildProperties />
			<condition property="deploy.node" value="${node}">
				<isset property="node" />
			</condition>
			<condition property="deploy.server" value="${server}">
				<isset property="server" />
			</condition>
			
			<setCurlSecurityProps />
			
			<loadNodeProperties node="${deploy.node}" />
			<applyConfigurableServices />
			
	</target>
	
	<!-- 
	============================================================================
	Global properties and taskdefs
	============================================================================
	-->


	<dirname property="devtools.dir" file="${ant.file.antlib}" />
	
	<property environment="env" />

	<property name="env.PATH" value="${env.Path}" />
	<property name="otap" value="local" />
	<property name="workspace.path" location=".." />
	<condition property="private.local.path" value="../Local" else="../../Local">
		<available file="../Local" />
	</condition>
	<property name="local.path" location="${private.local.path}" />
	<property file="project.properties" />
	<property file="${local.path}/local.properties" />
	<property file="${devtools.dir}/default.properties" />

	<taskdef uri="antlib:ise.antelope.tasks" resource="ise/antelope/tasks/antlib.xml" classpath="${antelope.classpath}" />
	<taskdef uri="antlib:com.sardak.antform" resource="com/sardak/antform/taskdefs.properties" classpath="${antform.classpath}" />

	<!-- Set tempdir -->
	<property name="tempdir" location="${java.io.tmpdir}" />

	<!-- Set userinput -->
	<condition property="userinput">
		<not>
			<isset property="no.userinput" />
		</not>
	</condition>

	<!-- set eclipse.running false when not defined as true by eclipse -->
	<property name="eclipse.running" value="false" />

	<typedef file="../DevToolsV2/DevTools/eclipse.running.${eclipse.running}.taskdefs.xml" />

	<!-- 
	============================================================================
	macrodefs, scriptdefs and private targets
	============================================================================
	-->
	<macrodef name="createFileInputFolderStructure">
		<sequential>
			<al:if>
				<bool>
					<al:or>
						<al:contains string="${deploy.node}" substring="IIB10NODE" casesensitive="false" />
						<al:contains string="${deploy.node}" substring="OIB" casesensitive="false" />
					</al:or>
				</bool>

				<echo>${basedir}\createFolderStructure.cmd ${deploy.node} ${build.servicenaam}</echo>
				<exec executable="${basedir}\createFolderStructure.cmd" failonerror="false">
					<arg value="${deploy.node}" />
					<arg value="${build.servicenaam}" />
				</exec>
			</al:if>
		</sequential>
	</macrodef>

	<macrodef name="applyConfigurableServices">
		<sequential>
			<al:if>
				<bool>
					<al:or>
						<available file="ConfigurableServices" />
						<available file="../${build.servicenaam}Conf/ConfigurableServices" />
					</al:or>
				</bool>
				<echo message="Deploying configurable services" level="warning" />
				
				<apply executable="${curl.dir}/bin/curl.exe" verbose="true" failonerror="true" logError="true" error="private.curl.applycfg.first" errorproperty="private.curl.applycfg.first" outputproperty="private.curl.applycfg.first" description="Deploy generic configurable services">
					<redirector append="true" />
					<arg value="-w &quot;KRUL_HTTP_STATUSCODE=%{http_code}&quot;" />
					<arg line="${curl.security}" />
					<arg value="--form" />
					<srcfile prefix="uploadedfile=@@" suffix=";type=application/xml" />
					<arg value="${curl.protocol}://${node.host}:${node.adminport}/apiv1/policy/configurableservices/importConfigurableService" />
					<fileset dir="ConfigurableServices" erroronmissingdir="false">
						<include name="*.configurableservice" />
						<exclude name="*-*.configurableservice" />
					</fileset>
					<fileset dir="../${build.servicenaam}Conf/ConfigurableServices" erroronmissingdir="false">
						<include name="*.configurableservice" />
						<exclude name="*-*.configurableservice" />
					</fileset>
				</apply>
				<validateCurlResult resultPropName="private.curl.applycfg.first" />
				<apply executable="${curl.dir}/bin/curl.exe" verbose="true" failonerror="true" logError="true" error="private.curl.applycfg.second" errorproperty="private.curl.applycfg.second" outputproperty="private.curl.applycfg.second" description="Deploy environment-specific configurable services">
					<redirector append="true" />
					<arg value="-w &quot;KRUL_HTTP_STATUSCODE=%{http_code}&quot;" />
					<arg line="${curl.security}" />
					<arg value="--form" />
					<srcfile prefix="uploadedfile=@@" suffix=";type=application/xml" />
					<arg value="${curl.protocol}://${node.host}:${node.adminport}/apiv1/policy/configurableservices/importConfigurableService" />
					<fileset dir="ConfigurableServices" erroronmissingdir="false">
						<include name="*-${otap}.configurableservice" />
					</fileset>
					<fileset dir="../${build.servicenaam}Conf/ConfigurableServices" erroronmissingdir="false">
						<include name="*-${otap}.configurableservice" />
					</fileset>
				</apply>
				<validateCurlResult resultPropName="private.curl.applycfg.second" />
				<apply executable="${curl.dir}/bin/curl.exe" verbose="true" failonerror="true" logError="true" error="private.curl.applycfg.third" errorproperty="private.curl.applycfg.third" outputproperty="private.curl.applycfg.third" description="Deploy node-specific configurable services">
					<redirector append="true" />
					<arg value="-w &quot;KRUL_HTTP_STATUSCODE=%{http_code}&quot;" />
					<arg line="${curl.security}" />
					<arg value="--form" />
					<srcfile prefix="uploadedfile=@@" suffix=";type=application/xml" />
					<arg value="${curl.protocol}://${node.host}:${node.adminport}/apiv1/policy/configurableservices/importConfigurableService" />
					<fileset dir="ConfigurableServices" erroronmissingdir="false">
						<include name="*-${deploy.node}.configurableservice" />
						<include name="*-${deploy.server}.configurableservice" />
					</fileset>
					<fileset dir="../${build.servicenaam}Conf/ConfigurableServices" erroronmissingdir="false">
						<include name="*-${deploy.node}.configurableservice" />
						<include name="*-${deploy.server}.configurableservice" />
					</fileset>
				</apply>
				<validateCurlResult resultPropName="private.curl.applycfg.third" />
			</al:if>
		</sequential>
	</macrodef>

	<macrodef name="applyMonitoringProfiles">
		<sequential>
			<apply executable="${curl.dir}/bin/curl.exe" outputproperty="private.curl.applmonprof">
				<redirector append="true" />
				<arg value="-w &quot;KRUL_HTTP_STATUSCODE=%{http_code}&quot;" />
				<arg line="${curl.security}" />
				<arg value="--form" />
				<srcfile prefix="uploadedfile=@@" suffix=";type=application/xml" />
				<arg value="${curl.protocol}://${node.host}:${node.adminport}/apiv1/policy/configurableservices/importConfigurableService" />
				<fileset dir="MonitoringProfiles">
					<include name="*.configurableservice" />
				</fileset>
			</apply>
			<validateCurlResult resultPropName="private.curl.applmonprof" />
		</sequential>
	</macrodef>

	<macrodef name="applyMonitoring">
		<attribute name="activation" default="start" description="Action on the monitoring profiles. options: 'start' or 'stop'." />
		<attribute name="eg" description="The name of the execution group to deploy to." />
		<sequential>
			<al:fileutil file="MonitoringProfiles" property="private.applyMonitoring.monitoringProfile">
				<listfiles />
			</al:fileutil>
			<basename file="${private.applyMonitoring.monitoringProfile}" property="private.applyMonitoring.msgflow" suffix="_overrides.properties" />
			<al:var name="private.applyMonitoring.componentUrl" value=""/>
			<al:if>
				<bool>
					<equals arg1="${build.type}" arg2="application"/>
				</bool>				
				<al:var name="private.applyMonitoring.componentUrl" value="applications/${build.servicenaam}App"/>				
				<else>
					<al:if>
						<bool>
							<equals arg1="${build.type}" arg2="RESTAPI"/>
						</bool>
						<al:var name="private.applyMonitoring.componentUrl" value="restapis/${build.servicenaam}App"/>
						<else>
							<al:var name="private.applyMonitoring.componentUrl" value="messageflows/${private.applyMonitoring.msgflow}"/>
						</else>
					</al:if>
				</else>
			</al:if>
			<echo message="${build.type}"/>
			<echo message="${curl.protocol}://${node.host}:${node.adminport}/apiv1/executiongroups/@{eg}/${private.applyMonitoring.componentUrl}?action=@{activation}FlowMonitoring"/>
			<exec executable="${curl.dir}/bin/curl.exe" outputproperty="private.curl.applmon">
				<arg value="-w &quot;KRUL_HTTP_STATUSCODE=%{http_code}&quot;" />
				<arg line="${curl.security}" />
				<arg line="-X PUT" />
				<arg value="${curl.protocol}://${node.host}:${node.adminport}/apiv1/executiongroups/@{eg}/${private.applyMonitoring.componentUrl}?action=@{activation}FlowMonitoring" />
			</exec>
			<validateCurlResult resultPropName="private.curl.applmon" />
		</sequential>
	</macrodef>

	<macrodef name="applyUTConfigurableService">
		<attribute name="adminport" default="4414" />
		<sequential>
			<setCurlSecurityProps />
			<copy file="${basedir}/ConfigurableServices/UserDefined_UnittestV1.configurableservice" todir="${tempdir}" overwrite="true">
				<filterchain>
					<expandproperties />
				</filterchain>
			</copy>
			<apply executable="${curl.dir}/bin/curl.exe" outputproperty="private.curl.applutcfgsrv">
				<redirector append="true" />
				<arg value="-w &quot;KRUL_HTTP_STATUSCODE=%{http_code}&quot;" />
				<arg line="${curl.security}" />
				<arg value="--form" />
				<srcfile prefix="uploadedfile=@@" suffix=";type=application/xml" />
				<arg value="${curl.protocol}://${node.host}:@{adminport}/apiv1/policy/configurableservices/importConfigurableService" />
				<fileset dir="${tempdir}">
					<include name="UserDefined_UnittestV1.configurableservice" />
				</fileset>
			</apply>
			<validateCurlResult resultPropName="private.curl.applutcfgsrv" />
		</sequential>
	</macrodef>

	<macrodef name="buildBar">
		<element name="args" optional="true" implicit="yes" />
		<sequential>
			<condition property="private.buildbar.appdomain" value="-d ${build.appdomain}" else="">
				<isset property="build.appdomain" />
			</condition>
			<property name="private.buildbar.component" value="-deployAsSource -a" />
			<delete failonerror="true">
				<fileset dir="${tempdir}">
					<include name="${build.servicenaam}.bar" />
				</fileset>
				<fileset dir="${basedir}">
					<include name="${build.servicenaam}*.bar" />
				</fileset>
			</delete>
			<echo>mqsicreatebar -data ${temp.builddir} -b ${tempdir}/${build.servicenaam}.bar -cleanBuild ${private.buildbar.component} ${private.buildbar.appdomain}</echo>
			<exec executable="mqsicreatebar" dir="." searchPath="true" failonerror="true">
				<arg value="-data" />
				<arg file="${temp.builddir}" />
				<arg value="-b" />
				<arg file="${tempdir}/${build.servicenaam}.bar" />
				<arg value="-cleanBuild" />
				<!--				<arg value="-skipWSErrorCheck"/> -->
				<arg line="${private.buildbar.component}" />
				<args />
				<arg line="${private.buildbar.appdomain}" />
				
			</exec>
			
			<al:if>
				<bool>
					<isset property="tfbuildnumber" />
				</bool>
				<loadresource property="build.number">
					<propertyresource name="tfbuildnumber" />
					<filterchain>
						<tokenfilter>
							<filetokenizer />
							<replacestring from="${build.servicenaam}_" to="" />
							<replacestring from="." to="_" />
						</tokenfilter>
					</filterchain>
				</loadresource>
				<al:if>
					<bool>
						<al:or>
							<equals arg1="${build.type}" arg2="application" />
							<equals arg1="${build.type}" arg2="RESTAPI" />
						</al:or>
					</bool>
					<createMonitoringProfiles />
					<else>
						<createMonitoringProfilesShLib />
					</else>
				</al:if>
				<else>
					<copy todir="." file="${tempdir}/${build.servicenaam}.bar" />
				</else>
			</al:if>
		</sequential>
	</macrodef>

	<macrodef name="buildDirCopy">
		<attribute name="projectdir" />
		<attribute name="parentdir" />
		<sequential>
			<copy todir="${temp.builddir}">
				<fileset dir="@{parentdir}">
					<include name="@{projectdir}/**" />
					<exclude name="@{projectdir}/**/db.lock"/>
				</fileset>
			</copy>
		</sequential>
	</macrodef>

	<macrodef name="createMonitoringProfilesShLib" description="create monitoring profiles: only used by buildserver">
		<sequential>
			<delete dir="${tempdir}/${build.servicenaam}" failonerror="true" />
			<unzip src="${tempdir}/${build.servicenaam}.bar" dest="${tempdir}/${build.servicenaam}" />
			<unzip src="${tempdir}/${build.servicenaam}/${build.servicenaam}.shlibzip" dest="${tempdir}/${build.servicenaam}/${build.servicenaam}" />

			<echo file="${tempdir}/${build.servicenaam}/${build.servicenaam}/META-INF/keywords.txt" message="$MQSI_VERSION=${build.number} MQSI$" />

			<mkdir dir="${basedir}/MonitoringProfiles" />
			<delete failonerror="false">
				<fileset dir="${basedir}/MonitoringProfiles" includes="*" />
			</delete>
			<al:if>
				<bool>
					<not>
						<equals arg1="${build.event_monitoring}" arg2="no" />
					</not>
				</bool>
				<!-- 
					Create the MonitoringProfile Configurable services
					
					The monitoring profile determines which events we can turn on/off 
				-->
				<my.xslt2 basedir="${tempdir}/${build.servicenaam}/${build.servicenaam}" includes="**/*.msgflow" destdir="${basedir}/MonitoringProfiles" style="${devtools.dir}/xslt/RecordAndReplayProfile.xsl" filenameparameter="filename" filedirparameter="filedir">
					<packagemapper from="*.msgflow" to="*.configurableservice" />
					<param name="build" expression="${build.number}" />
					<param name="basedir" expression="${tempdir}/${build.servicenaam}/${build.servicenaam}" />
				</my.xslt2>
				<!-- 
					Create the property overrides for attaching the Monitoring profile to messageflows										
				-->
				<my.xslt2 basedir="${tempdir}/${build.servicenaam}/${build.servicenaam}" includes="**/*.msgflow" destdir="${basedir}/MonitoringProfiles" style="${devtools.dir}/xslt/MonitoringProfileOverride.xsl" filenameparameter="filename" filedirparameter="filedir">
					<packagemapper from="*.msgflow" to="*_overrides.properties" />
				</my.xslt2>
			</al:if>
			<zip basedir="${tempdir}/${build.servicenaam}/${build.servicenaam}" destfile="${tempdir}/${build.servicenaam}/${build.servicenaam}.shlibzip" />
			<delete dir="${tempdir}/${build.servicenaam}/${build.servicenaam}" failonerror="true" />
			<zip basedir="${tempdir}/${build.servicenaam}" destfile="${build.servicenaam}.bar" />
		</sequential>
	</macrodef>

	<macrodef name="createMonitoringProfiles" description="create monitoring profiles: only used by buildserver">
		<sequential>
			<delete dir="${tempdir}/${build.servicenaam}" failonerror="true" />
			<unzip src="${tempdir}/${build.servicenaam}.bar" dest="${tempdir}/${build.servicenaam}" />
			<unzip src="${tempdir}/${build.servicenaam}/${build.servicenaam}App.appzip" dest="${tempdir}/${build.servicenaam}/${build.servicenaam}App" />

			<echo file="${tempdir}/${build.servicenaam}/${build.servicenaam}App/META-INF/keywords.txt" message="$MQSI_VERSION=${build.number} MQSI$" />

			<mkdir dir="${basedir}/MonitoringProfiles" />
			<delete failonerror="false">
				<fileset dir="${basedir}/MonitoringProfiles" includes="*" />
			</delete>
			<echo message="Create event monitoring: ${build.event_monitoring}"/>
			<al:if>
				<bool>
					<not>
						
						<equals arg1="${build.event_monitoring}" arg2="no" />
					</not>
				</bool>
				<!-- 
					Create the MonitoringProfile Configurable services
					
					The monitoring profile determines which events we can turn on/off 
				-->
				<my.xslt2 basedir="${tempdir}/${build.servicenaam}/${build.servicenaam}App" includes="**/*.msgflow" destdir="${basedir}/MonitoringProfiles" style="${devtools.dir}/xslt/RecordAndReplayProfile.xsl" filenameparameter="filename" filedirparameter="filedir">
					<packagemapper from="*.msgflow" to="*.configurableservice" />
					<param name="build" expression="${build.number}" />
					<param name="basedir" expression="${tempdir}/${build.servicenaam}/${build.servicenaam}App" />
				</my.xslt2>
				<!-- 
					Create the property overrides for attaching the Monitoring profile to messageflows										
				-->
				<my.xslt2 basedir="${tempdir}/${build.servicenaam}/${build.servicenaam}App" includes="**/*.msgflow" destdir="${basedir}/MonitoringProfiles" style="${devtools.dir}/xslt/MonitoringProfileOverride.xsl" filenameparameter="filename" filedirparameter="filedir">
					<packagemapper from="*.msgflow" to="*_overrides.properties" />
				</my.xslt2>
			</al:if>
			<zip basedir="${tempdir}/${build.servicenaam}/${build.servicenaam}App" destfile="${tempdir}/${build.servicenaam}/${build.servicenaam}App.appzip" />
			<delete dir="${tempdir}/${build.servicenaam}/${build.servicenaam}App" failonerror="true" />
			<zip basedir="${tempdir}/${build.servicenaam}" destfile="${build.servicenaam}.bar" />
		</sequential>
	</macrodef>

	<macrodef name="echoUTResult">
		<sequential>
			<al:if>
				<bool>
					<available file="Logs/soapUnitTest.jtl" />
				</bool>
				<replaceregexp file="Logs/soapUnitTest.jtl" match="&lt;\?xml version=&quot;1.0&quot;" replace="&lt;\?xml version=&quot;1.1&quot;" />
				<delete file="${tempdir}/UTResult.xml" />
				<my.xslt2 in="Logs/soapUnitTest.jtl" out="${tempdir}/UTResult.xml" style="${devtools.dir}/xslt/UTResultXml.xsl" />
				<my.xslt2 in="${tempdir}/UTResult.xml" out="Logs/UTResult.txt" style="${devtools.dir}/xslt/UTResultTxt.xsl" />
				<!-- show results in console-->
				<loadfile srcfile="Logs/UTResult.txt" property="private.echoutresult.result" />
				<condition property="private.echoutresult.level" value="error">
					<al:contains string="${private.echoutresult.result}" substring="FAILED" />
				</condition>
				<condition property="private.echoutresult.level" value="warning" else="info">
					<al:contains string="${private.echoutresult.result}" substring="WARNING" />
				</condition>
				<echo level="${private.echoutresult.level}">${private.echoutresult.result}</echo>
				<else>
					<echo message="soapUnitTest.jtl not found: Please start the unittest through JMeter." />
				</else>
			</al:if>
		</sequential>
	</macrodef>

	<macrodef name="loadBuildProperties">
		<sequential>
			<loadPropertiesFile basename="build" prefix="build" />
			<property name="build.type" value="independent" />
		</sequential>
	</macrodef>

	<macrodef name="loadNodeProperties">
		<attribute name="node" default="${node}" description="Loads broker and queue manager properties" />
		<sequential>
			<condition property="node.local.dir" value="${env.MQSI_FILEPATH}">
				<isset property="env.MQSI_FILEPATH" />
			</condition>
			<loadPropertiesFile basename="@{node}" prefix="node" />
		</sequential>
	</macrodef>

	<macrodef name="loadPropertiesFile">
		<attribute name="basename" description="specifies name of the properties file, exclusive the extension (.properties)" />
		<attribute name="prefix" description="specifies the prefix for the properties loaded from the properties file." />
		<sequential>
			<property file="@{basename}.properties" prefix="@{prefix}" />
			<property file="${local.path}/@{basename}.properties" prefix="@{prefix}" />
			<property file="${devtools.dir}/nodes/${otap}/@{basename}.properties" prefix="@{prefix}" />
			<property file="${devtools.dir}/@{basename}.properties" prefix="@{prefix}" />
		</sequential>
	</macrodef>

	<macrodef name="mqsiapplybaroverride">
		<attribute name="overridefile" description="The name of the file (.properties file) containing the configuration items to be overridden in the barfile." />
		<attribute name="barfile" description="The name of the barfile which configuration must be overridden." />
		<attribute name="output" description="" />
		<sequential>
			<echo>mqsiapplybaroverride.bat -b @{barfile} -p @{overridefile} -r -o @{output}</echo>
			<exec executable="mqsiapplybaroverride.bat">
				<arg value="-b" />
				<arg file="@{barfile}" />
				<arg value="-p" />
				<arg file="@{overridefile}" />
				<arg value="-r" />
				<arg value="-o" />
				<arg file="@{output}" />
			</exec>
		</sequential>
	</macrodef>

	<macrodef name="mqsideploy">
		<attribute name="barfile" description="The name of the barfile to be deployed." />
		<attribute name="eg" description="The name of the execution group to deploy to." />
		<attribute name="timeout" default="400" description="The amount of time in seconds to wait for configuration manager reply for confirmation message of the deploy executed." />
		<attribute name="deleteResources" default="no" description="Delete existing resource during deploy" />
		<sequential>
			<condition property="private.deployBar.option-m" value="-m" else="">
				<al:or>
					<equals arg1="@{deleteResources}" arg2="yes" />
					<equals arg1="@{deleteResources}" arg2="true" />
					<equals arg1="@{deleteResources}" arg2="1" />
				</al:or>
			</condition>
			<echo message="***	Deploying to node: ${deploy.node}, server: @{eg}" level="warning" />
			<echo>mqsideploy -n ${devtools.dir}/nodes/${otap}/${deploy.node}.broker -e @{eg} -a @{barfile} -w @{timeout} ${private.deployBar.option-m}</echo>
			<exec executable="mqsideploy" failonerror="true">
				<arg value="-n" />
				<arg file="${devtools.dir}/nodes/${otap}/${deploy.node}.broker" />
				<arg value="-e" />
				<arg value="@{eg}" />
				<arg value="-a" />
				<arg file="@{barfile}" />
				<arg value="-w" />
				<arg value="@{timeout}" />
				<arg value="${private.deployBar.option-m}" />
			</exec>
		</sequential>
	</macrodef>

	<macrodef name="setCurlSecurityProps">
		<sequential>
			<condition property="curl.protocol" value="http" else="https">
				<equals arg1="${otap}" arg2="local" />
			</condition>
			<condition property="curl.security" value="--cacert D:\Data\Certificates\CurlTrustCertificates.pem">
				<equals arg1="${otap}" arg2="O" />
			</condition>
			<condition property="curl.security" value="-u ${env.MQSI_CMP_USERNAME}:${env.MQSI_CMP_PASSWORD} --cacert D:\Data\Certificates\CurlTrustCertificates.pem" else="">
				<equals arg1="${curl.protocol}" arg2="https" />
			</condition>
		</sequential>
	</macrodef>

	<macrodef name="setSnapshotDirectory">
		<sequential>
			<tempfile property="temp.dir" destDir="${tempdir}" prefix="stats" />
			<echo>mkdir ${temp.dir}</echo>
			<mkdir dir="${temp.dir}" />
			<echo>mqsichangeproperties ${node} -o ComIbmStatsFileWriter -n filePath -v ${temp.dir}\</echo>
			<exec executable="mqsichangeproperties" failonerror="true">
				<arg value="${node}" />
				<arg value="-o" />
				<arg value="ComIbmStatsFileWriter" />
				<arg value="-n" />
				<arg value="filePath" />
				<arg value="-v" />
				<arg value="${temp.dir}\" />
			</exec>
		</sequential>
	</macrodef>

	<macrodef name="snapshotStatistics">
		<attribute name="control" default="inactive" />
		<sequential>
			<al:if>
				<bool>
					<al:and>
						<al:or>
							<equals arg1="${otap}" arg2="local" />
							<equals arg1="${otap}" arg2="O" />
						</al:or>
						<al:or>
							<equals arg1="@{control}" arg2="active" />
							<equals arg1="@{control}" arg2="inactive" />
						</al:or>
					</al:and>
				</bool>
				<al:if>
					<bool>
						<equals arg1="@{control}" arg2="active" />
					</bool>
					<setSnapshotDirectory />
				</al:if>
				<loadresource property="flowstats.appnaam">
					<propertyresource name="ant.project.name" />
					<filterchain>
						<tokenfilter>
							<filetokenizer />
							<replacestring from="Test" to="App" />
						</tokenfilter>
					</filterchain>
				</loadresource>
				<echo>mqsichangeflowstats ${node} -e default -s -j -c @{control} -k ${flowstats.appnaam} -n basic -o csv</echo>
				<exec executable="mqsichangeflowstats" failonerror="true">
					<arg value="${node}" />
					<arg value="-e" />
					<arg value="default" />
					<arg value="-s" />
					<arg value="-j" />
					<arg value="-c" />
					<arg value="@{control}" />
					<arg value="-k" />
					<arg value="${flowstats.appnaam}" />
					<arg value="-n" />
					<arg value="basic" />
					<arg value="-o" />
					<arg value="csv" />
				</exec>
				<al:if>
					<bool>
						<equals arg1="@{control}" arg2="inactive" />
					</bool>
					<!-- Sleep is required to process the snapshot statistics -->
					<sleep seconds="20" />
					<copy todir="${basedir}/Logs">
						<fileset dir="${temp.dir}">
							<include name="*.csv" />
						</fileset>
					</copy>
				</al:if>
				<else>
					<fail message="Only use 'active' or 'inactive' for the control attribute!" />
				</else>
			</al:if>
		</sequential>
	</macrodef>

	<macrodef name="mstest">
		<attribute name="dll" default="" />
		<sequential>
			<echo>mstest /testcontainer:"TODOOOOO"</echo>
			<exec executable="${basedir}\createFolderStructure.cmd" failonerror="false">
				<arg value="${deploy.node}" />
				<arg value="${build.servicenaam}" />
			</exec>
		</sequential>
	</macrodef>

	<macrodef name="test">
		<attribute name="test" />
		<attribute name="fcomp" default="NONE" />
		<attribute name="fcompfast" default="YES" />
		<attribute name="fperc" default="99" />
		<attribute name="filenoderoot" default="${filenode.dir}" />
		<attribute name="compstubs" default="1" description="Compare generated broker stub requests (0 or 1) (optional, default 1)" />
		<attribute name="urlSelector" default="${urlSelector}" description="Where to send the message to" />
		<attribute name="urltype" default="http" description="Input is http/jms/file" />
		<attribute name="extension" default="xml" description="Input file extension" />
		<attribute name="oneway" default="0" description="Is it oneway (0 or 1)" />
		<attribute name="qmgr" default="${node.qmgr}" description="Queuemanager (used when urltype is jms)" />
		<attribute name="queue" default="${inputQueue}" description="Queue (used when urltype is jms)" />
		<attribute name="fileinputdir" default="${urlSelector}" description="Input directory for file input node" />
		<attribute name="legacySort" default="true" description="Using legacy merge for XML comparison due to functionality change in Java 7" />
		<sequential>
			<antlib.test legacySort="@{legacySort}" fileinputdir="@{fileinputdir}" queue="@{queue}" qmgr="@{qmgr}" oneway="@{oneway}" extension="@{extension}" urltype="@{urltype}" urlSelector="@{urlSelector}" compstubs="@{compstubs}" filenoderoot="@{filenoderoot}" fperc="@{fperc}" fcompfast="@{fcompfast}" fcomp="@{fcomp}" test="@{test}" />
		</sequential>
	</macrodef>

	<macrodef name="antlib.test">
		<attribute name="test" />
		<attribute name="fcomp" default="NONE" />
		<attribute name="fcompfast" default="YES" />
		<attribute name="fperc" default="99" />
		<attribute name="filenoderoot" default="${filenode.dir}" />
		<attribute name="compstubs" description="Compare generated broker stub requests (0 or 1) (optional, default 1)" default="1" />
		<attribute name="urlSelector" description="Where to send the message to" default="${urlSelector}" />
		<attribute name="urltype" description="Input is http/jms/file" default="http" />
		<attribute name="extension" description="Input file extension" default="xml" />
		<attribute name="oneway" description="Is it oneway (0 or 1)" default="0" />
		<attribute name="qmgr" description="Queuemanager (used when urltype is jms)" default="${node.qmgr}" />
		<attribute name="queue" description="Queue (used when urltype is jms)" default="${inputQueue}" />
		<attribute name="fileinputdir" description="Input directory for file input node" default="${urlSelector}" />
		<attribute name="legacySort" description="Using legacy merge for XML comparison due to functionality change in Java 7" default="true" />
		<sequential>
			<echo>*===============================================</echo>
			<echo>*</echo>
			<echo>* Test: @{test}</echo>
			<echo>* fcomp: @{fcomp}, fcompfast: @{fcompfast}, fperc: @{fperc}</echo>
			<echo>*</echo>
			<echo>*===============================================</echo>
			<taskdef name="jmeter" classpath="${jmeter.classpath}" uri="antlib:org.programmerplanet.ant" classname="org.programmerplanet.ant.taskdefs.jmeter.JMeterTask" />
			<delete>
				<fileset dir="DataOut" includes="**/@{test}*" />
			</delete>
			<jm:jmeter jmeterproperties="jmeter.local.properties" resultlog="Logs/soapUnitTest.jtl" testplan="scripts/soapUnitTest.jmx" jmeterhome="${jmeter.dir}">
				<jvmarg value="-Duser.classpath=${env.MQ_JAVA_INSTALL_PATH}/lib/jms.jar;${env.MQ_JAVA_INSTALL_PATH}/lib/com.ibm.mqjms.jar;${env.MQ_JAVA_INSTALL_PATH}/lib/com.ibm.mq.jms.Nojndi.jar" />
				<jvmarg value="-Durl=http://${node.host}:${node.soapport}@{urlSelector}" />
				<jvmarg value="-Dtest=@{test}" />
				<jvmarg value="-Dfcomp=@{fcomp}" />
				<jvmarg value="-Dfcompfast=@{fcompfast}" />
				<jvmarg value="-Dfcompwarn=yes" />
				<jvmarg value="-Dfperc=@{fperc}" />
				<jvmarg value="-Dfboundmin=1000" />
				<jvmarg value="-Dfboundmax=50000" />
				<jvmarg value="-Dworkdir=.." />
				<jvmarg value="-Dfilenoderoot=@{filenoderoot}" />
				<jvmarg value="-Dcompstubs=@{compstubs}" />
				<jvmarg value="-Durltype=@{urltype}" />
				<jvmarg value="-Dextension=@{extension}" />
				<jvmarg value="-Doneway=@{oneway}" />
				<jvmarg value="-Dqmgr=@{qmgr}" />
				<jvmarg value="-Dqueue=@{queue}" />
				<jvmarg value="-Dfileinputdir=@{fileinputdir}" />
				<jvmarg value="-Djava.util.Arrays.useLegacyMergeSort=@{legacySort}" />
				<!--<jmeterarg value="-j "/> for more jmeter logging in console-->
			</jm:jmeter>
		</sequential>
	</macrodef>
	<macrodef name="updateServiceCatalogus">
		<sequential>
			<exec executable="${sharepointtools.dir}/CZ.Sharepoint.ServiceCatalogusUpdate.exe" failonerror="true">
				<arg value="-e" />
				<arg value="${otap}" />
				<arg value="-n" />
				<arg value="${build.servicenaam}" />
				<arg value="-v" />
				<arg value="${build.number}" />
				<arg value="-u" />
				<arg value="&quot;https://${build.${otap}.url}&quot;" />
				<arg value="-b" />
				<arg value="${build.datetime}" />
			</exec>
		</sequential>
	</macrodef>

	<scriptdef name="copyBuildDirs" language="javascript">
		<element name="fileset" type="fileset" />
		<element name="path" type="path" />
		<![CDATA[
		var version = java.lang.System.getProperty("java.version");
		 if (version.startsWith("1.8.0")) {
		    load("nashorn:mozilla_compat.js");
		 }
		importClass(Packages.java.io.File);
		var fileset = elements.get("fileset").toString().slice(1,-1);
		var path = elements.get("path").toString().slice(1,-1);
		var dirs = fileset.split(";");
		for (i=0; i < dirs.length; i++) {
			var file = new File(path + "/" + dirs[i]);
			var parent = file.parent;
			var uberParent = new File(parent).parent;
			var projectdir = parent.replace(uberParent,'').slice(1);
			var task = project.createTask("buildDirCopy");
			task.setDynamicAttribute("projectdir", projectdir);
			task.setDynamicAttribute("parentdir", uberParent);
			task.perform();
		}
		]]>
	</scriptdef>

	<!--
	============================================================================
	validateCurlResult
	============================================================================
	
	Check if the result from a curl call returns a HTTP 20x code.
	Make the build fail if this is not the case.
	
	We need to check for 20x codes, as we will not always receive a 200 code.
	In case of a HTTP PUT we will get a 204 code in some circumstances (in case
	there is no body to return).
	See http://www.w3.org/Protocols/rfc2616/rfc2616-sec10.html
	-->
	<macrodef name="validateCurlResult">
		<attribute name="resultPropName" default="private.curl.output" />
		<attribute name="checkString" default="KRUL_HTTP_STATUSCODE=20" />
		<sequential>
			<echo level="warning">${@{resultPropName}}</echo>
			<al:if>
				<bool>
					<al:and>
						<isset property="@{resultPropName}" />
						<not>
							<equals arg1="${@{resultPropName}}" arg2="" />
						</not>
					</al:and>
				</bool>
				<al:if>
					<bool>
						<matches pattern="KRUL_HTTP_STATUSCODE=[^2][0-9]{2}" string="${@{resultPropName}}" />
					</bool>
					<fail message="API call using Curl failed (no @{checkString} in result)!" />
				</al:if>
				<al:if>
					<bool>
						<al:contains string="${@{resultPropName}}" substring="&quot;error&quot;:" />
					</bool>
					<fail message="API call using Curl failed (invalid information)!" />
				</al:if>
			</al:if>
		</sequential>
	</macrodef>

	<macrodef name="runmqsc" description="Run MQ commands">
		<attribute name="qmgr" default="${node.qmgr}" />
		<attribute name="script" />
		<sequential>
			<echo>runmqsc @{qmgr} @{script}</echo>
			<exec command="runmqsc" input="@{script}">
				<arg value="@{qmgr}" />
			</exec>
		</sequential>
	</macrodef>

	<macrodef name="stub">
		<attribute name="stubscript" default="scripts/stub.xml" description="This is the msgtest configuration xml file used by the msgtest library." />
		<element name="args" optional="true" implicit="yes" description="add extra arguments to msgtest." />
		<sequential>
			<delete>
				<fileset dir="Logs" includes="@{stubscript}.*" />
			</delete>
			<msgtest script="@{stubscript}">
				<args />
			</msgtest>
		</sequential>
	</macrodef>

	<macrodef name="clearq">
		<attribute name="queue" description="The name of the queue the stop message must be passed to." />
		<sequential>
			<msgtest script="${devtools.dir}/scripts/clearq.xml">
				<arg value="@{queue}" />
			</msgtest>
		</sequential>
	</macrodef>

	<macrodef name="stopstub">
		<attribute name="queue" description="The name of the queue the stop message must be passed to." />
		<sequential>
			<msgtest script="${devtools.dir}/scripts/stopstub.xml">
				<arg value="@{queue}" />
			</msgtest>
		</sequential>
	</macrodef>

	<macrodef name="keepAlive">
		<attribute name="queue" description="The name of the queue the keepalive message must be passed to." />
		<sequential>
			<msgtest script="${devtools.dir}/scripts/continue.xml">
				<arg value="@{queue}" />
			</msgtest>
		</sequential>
	</macrodef>

	<macrodef name="msgtest">
		<attribute name="script" description="xml-file used for configuration of msgtest." />
		<attribute name="qmgr" default="${msgtest.qmgr}" description="queue manager used for connecting to queues." />
		<element name="args" optional="true" implicit="yes" />
		<sequential>
			<property file="${toolkit.path}/msgtest.properties" prefix="msgtest" />
			<echo>${msgtest.dir}\bin\MsgTestS.exe @{qmgr} @{script}</echo>
			<exec executable="${msgtest.dir}\bin\MsgTestS.exe" dir=".">
				<arg file="@{script}" />
				<arg value="@{qmgr}" />
				<args />
			</exec>
		</sequential>
	</macrodef>

	<macrodef name="putQueue">
		<attribute name="queue" default="TEST.STUB.MQ.LQ" />
		<attribute name="queueMgr" default="${node.qmgr}" />
		<attribute name="file" />
		<attribute name="ccsid" default="1208" />
		<element name="args" implicit="yes" optional="yes" />
		<sequential>
			<my.q>
				<arg value="-o@{queue}" />
				<arg value="-m@{queueMgr}" />
				<arg value="-F@{file}" />
				<arg value="-c@{ccsid}" />
				<args />
			</my.q>
		</sequential>
	</macrodef>

	<macrodef name="getQueue">
		<attribute name="queue" default="TEST.STUB.MQ.LQ" />
		<attribute name="queueMgr" default="${node.qmgr}" />
		<attribute name="file" />
		<attribute name="wait" default="0" />
		<attribute name="ccsid" default="1208" />
		<element name="args" implicit="yes" optional="yes" />
		<sequential>
			<my.q>
				<arg value="-I@{queue}" />
				<arg value="-m@{queueMgr}" />
				<arg value="-F@{file}" />
				<arg value="-w@{wait}" />
				<arg value="-c@{ccsid}" />
				<args />
			</my.q>
		</sequential>
	</macrodef>

	<macrodef name="browseQueue">
		<attribute name="queue" default="TEST.STUB.MQ.LQ" />
		<attribute name="queueMgr" default="${node.qmgr}" />
		<attribute name="file" />
		<attribute name="wait" default="0" />
		<attribute name="ccsid" default="1208" />
		<element name="args" implicit="yes" optional="yes" />
		<sequential>
			<my.q>
				<arg value="-i@{queue}" />
				<arg value="-m@{queueMgr}" />
				<arg value="-F@{file}" />
				<arg value="-w@{wait}" />
				<arg value="-c@{ccsid}" />
				<args />
			</my.q>
		</sequential>
	</macrodef>

	<macrodef name="publish">
		<attribute name="topic" />
		<attribute name="queueMgr" default="${node.qmgr}" />
		<attribute name="file" />
		<attribute name="ccsid" default="1208" />
		<element name="args" implicit="yes" optional="yes" />
		<sequential>
			<my.q>
				<arg value="-Ts:@{topic}" />
				<arg value="-m@{queueMgr}" />
				<arg value="-f@{file}" />
				<arg value="-c@{ccsid}" />
				<args />
			</my.q>
		</sequential>
	</macrodef>

	<macrodef name="subscribe">
		<attribute name="topic" />
		<attribute name="queueMgr" default="${node.qmgr}" />
		<attribute name="file" />
		<attribute name="wait" default="0" />
		<attribute name="ccsid" default="1208" />
		<element name="args" implicit="yes" optional="yes" />
		<sequential>
			<my.q>
				<arg value="-Ss:@{topic}" />
				<arg value="-m@{queueMgr}" />
				<arg value="-w@{wait}" />
				<arg value="-c@{ccsid}" />
				<args />
				<redirector output="@{file}" logError="true" />
			</my.q>
		</sequential>
	</macrodef>

	<macrodef name="splitXMLFile">
		<attribute name="dir" default="." />
		<attribute name="todir" default="@{dir}" />
		<attribute name="file" />
		<sequential>
			<!-- remove white-space between > and <, for instance the newlines. -->
			<replaceregexp match="&gt;\s+&lt;" replace="&gt;&lt;">
				<fileset dir="@{dir}">
					<include name="@{file}.xml" />
				</fileset>
			</replaceregexp>

			<!-- first split messages in 1 message per line by adding crlf using regexp -->
			<replaceregexp match="(&lt;([^\s>]+).*?&lt;/\2>)" replace="\1${line.separator}">
				<fileset dir="@{dir}">
					<include name="@{file}.xml" />
				</fileset>
			</replaceregexp>

			<!-- split the file, start with file.0 -->
			<al:split file="@{dir}/@{file}.xml" lines="1" prefix="@{file}" failonerror="no" />

			<!-- remove old file -->
			<delete file="@{dir}/@{file}.xml" />

			<!-- make sequence num 2 digits and add .xml at the end of the new filenames -->
			<move todir="@{todir}">
				<fileset dir="@{dir}">
					<include name="@{file}.*" />
				</fileset>
				<chainedmapper>
					<!-- make 2 digit sequence number -->
					<regexpmapper from="(.*\.)(\d)" to="\10\2" />
					<!-- add .xml suffix -->
					<globmapper from="*" to="*.xml" />
				</chainedmapper>
			</move>

			<!-- delete last file when empty (input endswith newline) -->
			<delete>
				<emptyfileset dir="@{todir}">
					<include name="@{file}*.xml" />
				</emptyfileset>
			</delete>

		</sequential>
	</macrodef>

	<!-- 
	============================================================================
	presetdefs
	============================================================================
	-->

	<presetdef name="emptyfileset">
		<fileset>
			<size when="equal" value="0" />
		</fileset>
	</presetdef>

	<presetdef name="my.xslt2">
		<xslt>
			<classpath location="${xslt2.jar}" />
			<!-- When factory is specified, classpath is ignored.
					classpath only is enough for xslt 2.0 to work.
			<factory name="${xslt2.factory}"/>
			-->
		</xslt>
	</presetdef>

	<presetdef name="my.curl">
		<exec executable="${curl.dir}/bin/curl.exe" />
	</presetdef>

	<presetdef name="my.sqlserver">
		<sql classpath="${node.jdbc.classpath}" showTrailers="false" print="true" password="" userid="" delimiter="GO" driver="com.microsoft.sqlserver.jdbc.SQLServerDriver">
			<connectionProperty name="integratedSecurity" value="true" />
		</sql>
	</presetdef>

	<presetdef name="my.q">
		<exec executable="${ma01.dir}/q">
			<env key="Path" path="${env.Path};${ma01.dir}" />
		</exec>
	</presetdef>

</project>