<?xml version="1.0"?>
<!-- ======================================================================

        Ant library
        Taskdefs needed when run outside Eclipse

====================================================================== -->
<antlib>
	
	<taskdef resource="ise/antelope/tasks/antlib.xml">
	  <classpath>
	    <pathelement location="D:\Data\AntelopeTasks_3.5.1\AntelopeTasks_3.5.1.jar"/>
	  </classpath>
	</taskdef>
		
	<macrodef name="eclipse.refreshLocal">
		<attribute name="resource" default=""/>
		<attribute name="depth" default=""/>
		<sequential/>
	</macrodef>
	
	<typedef name="jmeter" classname="org.programmerplanet.ant.taskdefs.jmeter.JMeterTask">
		<classpath>
			<pathelement location="D:\Data\jakarta-jmeter-2.3.2\extras\ant-jmeter-1.0.9.jar"/>
		</classpath>
	</typedef>
	
</antlib>